product_id,timestamp,demand_score
P0001,2025-06-21 15:00:07.054912,0.25
P0001,2025-07-08 15:00:07.054993,0.56
P0001,2025-05-18 15:00:07.055016,0.35
P0001,2025-05-20 15:00:07.055035,0.46
P0001,2025-06-01 15:00:07.055054,0.24
P0001,2025-05-12 15:00:07.055086,0.79
P0001,2025-06-19 15:00:07.055107,0.24
P0001,2025-06-13 15:00:07.055129,0.6
P0001,2025-06-27 15:00:07.055152,0.97
P0001,2025-06-22 15:00:07.055173,0.59
P0001,2025-06-08 15:00:07.055191,0.36
P0001,2025-06-23 15:00:07.055210,0.43
P0001,2025-06-07 15:00:07.055228,0.45
P0001,2025-07-05 15:00:07.055246,0.96
P0001,2025-06-10 15:00:07.055264,0.72
P0001,2025-06-08 15:00:07.055281,0.47
P0001,2025-07-05 15:00:07.055299,0.12
P0001,2025-06-15 15:00:07.055317,0.78
P0001,2025-05-30 15:00:07.055336,0.22
P0001,2025-06-27 15:00:07.055482,0.12
P0001,2025-06-08 15:00:07.055510,0.91
P0001,2025-06-14 15:00:07.055528,0.38
P0001,2025-06-27 15:00:07.055548,0.68
P0001,2025-06-11 15:00:07.055569,0.13
P0001,2025-06-05 15:00:07.055588,0.72
P0001,2025-06-01 15:00:07.055610,0.9
P0001,2025-05-16 15:00:07.055628,0.97
P0001,2025-05-27 15:00:07.055646,0.45
P0001,2025-05-15 15:00:07.055663,0.45
P0001,2025-06-19 15:00:07.055681,0.98
P0002,2025-06-13 15:00:07.055702,0.82
P0002,2025-05-19 15:00:07.055721,0.85
P0002,2025-07-03 15:00:07.055739,0.25
P0002,2025-06-13 15:00:07.055757,0.91
P0002,2025-06-13 15:00:07.055776,0.35
P0002,2025-05-30 15:00:07.055794,0.15
P0002,2025-07-02 15:00:07.055812,0.67
P0002,2025-06-24 15:00:07.055830,0.84
P0002,2025-05-23 15:00:07.055848,0.88
P0002,2025-07-11 15:00:07.055866,0.52
P0002,2025-06-16 15:00:07.055884,0.55
P0002,2025-06-12 15:00:07.055902,0.67
P0002,2025-06-30 15:00:07.055921,0.46
P0002,2025-06-07 15:00:07.055938,0.57
P0002,2025-06-06 15:00:07.055956,1.0
P0002,2025-05-20 15:00:07.055973,0.89
P0002,2025-05-29 15:00:07.055993,0.36
P0002,2025-05-26 15:00:07.056013,0.42
P0002,2025-06-11 15:00:07.056032,0.91
P0002,2025-07-06 15:00:07.056052,0.56
P0002,2025-06-08 15:00:07.056071,0.44
P0002,2025-05-20 15:00:07.056089,0.36
P0002,2025-06-22 15:00:07.056107,0.55
P0002,2025-06-11 15:00:07.056126,0.84
P0002,2025-06-10 15:00:07.056145,0.65
P0002,2025-05-20 15:00:07.056163,0.64
P0002,2025-06-23 15:00:07.056181,0.37
P0002,2025-06-14 15:00:07.056199,0.63
P0002,2025-05-29 15:00:07.056217,0.77
P0002,2025-06-14 15:00:07.056235,0.98
P0003,2025-06-15 15:00:07.056254,0.16
P0003,2025-05-24 15:00:07.056272,0.3
P0003,2025-05-29 15:00:07.056289,0.84
P0003,2025-05-28 15:00:07.056308,0.39
P0003,2025-05-12 15:00:07.056326,0.22
P0003,2025-07-02 15:00:07.056345,0.31
P0003,2025-07-01 15:00:07.056363,0.42
P0003,2025-05-24 15:00:07.056381,0.33
P0003,2025-06-05 15:00:07.056399,0.8
P0003,2025-06-06 15:00:07.056421,0.35
P0003,2025-06-06 15:00:07.056441,0.56
P0003,2025-06-25 15:00:07.056461,0.45
P0003,2025-06-11 15:00:07.056480,0.3
P0003,2025-05-18 15:00:07.056498,0.27
P0003,2025-06-14 15:00:07.056517,0.89
P0003,2025-06-01 15:00:07.056535,0.62
P0003,2025-06-07 15:00:07.056555,0.98
P0003,2025-07-01 15:00:07.056574,0.88
P0003,2025-06-16 15:00:07.056593,0.49
P0003,2025-06-09 15:00:07.056611,0.33
P0003,2025-07-05 15:00:07.056628,0.24
P0003,2025-05-17 15:00:07.056646,0.47
P0003,2025-06-30 15:00:07.056667,0.42
P0003,2025-05-17 15:00:07.056686,0.69
P0003,2025-06-30 15:00:07.056704,0.8
P0003,2025-06-24 15:00:07.056722,0.2
P0003,2025-05-23 15:00:07.056743,0.18
P0003,2025-07-03 15:00:07.056762,0.94
P0003,2025-06-10 15:00:07.056781,0.7
P0003,2025-07-07 15:00:07.056799,0.86
P0004,2025-06-25 15:00:07.056818,0.38
P0004,2025-05-27 15:00:07.056838,0.48
P0004,2025-06-10 15:00:07.056858,0.17
P0004,2025-06-29 15:00:07.056880,0.88
P0004,2025-06-16 15:00:07.056901,0.85
P0004,2025-07-08 15:00:07.056919,0.42
P0004,2025-05-28 15:00:07.056937,0.32
P0004,2025-06-22 15:00:07.056954,0.9
P0004,2025-07-08 15:00:07.056971,0.52
P0004,2025-07-03 15:00:07.056988,0.89
P0004,2025-06-04 15:00:07.057006,0.98
P0004,2025-05-30 15:00:07.057024,0.43
P0004,2025-05-29 15:00:07.057042,0.86
P0004,2025-05-14 15:00:07.057060,0.71
P0004,2025-06-02 15:00:07.057077,0.6
P0004,2025-06-03 15:00:07.057095,0.38
P0004,2025-06-01 15:00:07.057112,0.29
P0004,2025-05-19 15:00:07.057129,0.53
P0004,2025-05-20 15:00:07.057147,0.52
P0004,2025-06-28 15:00:07.057166,0.27
P0004,2025-05-26 15:00:07.057185,0.69
P0004,2025-05-22 15:00:07.057203,0.64
P0004,2025-06-09 15:00:07.057221,0.51
P0004,2025-07-03 15:00:07.057240,0.54
P0004,2025-06-21 15:00:07.057261,0.93
P0004,2025-05-26 15:00:07.057281,0.56
P0004,2025-07-10 15:00:07.057302,0.47
P0004,2025-06-21 15:00:07.057320,0.8
P0004,2025-06-13 15:00:07.057338,0.99
P0004,2025-06-02 15:00:07.057356,0.88
P0005,2025-07-04 15:00:07.057377,0.51
P0005,2025-07-01 15:00:07.057395,0.56
P0005,2025-06-28 15:00:07.057413,0.32
P0005,2025-05-29 15:00:07.057432,0.14
P0005,2025-06-29 15:00:07.057450,0.34
P0005,2025-06-07 15:00:07.057469,0.88
P0005,2025-06-05 15:00:07.057489,0.75
P0005,2025-06-20 15:00:07.057508,0.93
P0005,2025-05-16 15:00:07.057528,0.54
P0005,2025-06-23 15:00:07.057550,0.63
P0005,2025-06-05 15:00:07.057570,0.38
P0005,2025-05-13 15:00:07.057596,0.99
P0005,2025-05-29 15:00:07.057615,0.71
P0005,2025-06-10 15:00:07.057633,0.22
P0005,2025-06-08 15:00:07.057652,0.12
P0005,2025-07-06 15:00:07.057670,0.58
P0005,2025-06-04 15:00:07.057688,0.16
P0005,2025-07-08 15:00:07.057707,0.43
P0005,2025-06-07 15:00:07.057727,0.61
P0005,2025-06-22 15:00:07.057746,0.59
P0005,2025-06-16 15:00:07.057765,0.65
P0005,2025-07-10 15:00:07.057784,0.96
P0005,2025-05-14 15:00:07.057804,0.52
P0005,2025-07-04 15:00:07.057823,0.94
P0005,2025-07-10 15:00:07.057842,0.87
P0005,2025-06-17 15:00:07.057860,0.23
P0005,2025-06-09 15:00:07.057881,0.29
P0005,2025-06-10 15:00:07.057900,0.21
P0005,2025-06-06 15:00:07.057920,0.57
P0005,2025-07-08 15:00:07.057940,0.21
P0006,2025-05-21 15:00:07.057960,0.58
P0006,2025-06-10 15:00:07.057979,0.34
P0006,2025-07-04 15:00:07.057998,0.59
P0006,2025-07-01 15:00:07.058018,0.9
P0006,2025-06-20 15:00:07.058037,0.2
P0006,2025-06-25 15:00:07.058056,0.75
P0006,2025-06-17 15:00:07.058076,0.95
P0006,2025-07-11 15:00:07.058097,0.27
P0006,2025-05-25 15:00:07.058118,0.47
P0006,2025-06-23 15:00:07.058141,0.15
P0006,2025-06-26 15:00:07.058163,0.96
P0006,2025-06-17 15:00:07.058185,0.48
P0006,2025-06-06 15:00:07.058206,0.57
P0006,2025-05-29 15:00:07.058228,0.86
P0006,2025-06-11 15:00:07.058250,0.21
P0006,2025-07-04 15:00:07.058271,0.22
P0006,2025-06-22 15:00:07.058293,0.13
P0006,2025-06-09 15:00:07.058315,0.82
P0006,2025-06-27 15:00:07.058336,0.47
P0006,2025-06-14 15:00:07.058357,0.54
P0006,2025-06-04 15:00:07.058379,0.9
P0006,2025-06-15 15:00:07.058401,0.61
P0006,2025-06-08 15:00:07.058422,0.3
P0006,2025-07-07 15:00:07.058444,0.51
P0006,2025-06-13 15:00:07.058465,0.36
P0006,2025-07-09 15:00:07.058488,0.31
P0006,2025-06-18 15:00:07.058509,0.46
P0006,2025-06-23 15:00:07.058530,0.3
P0006,2025-06-29 15:00:07.058553,0.23
P0006,2025-07-11 15:00:07.058576,0.42
P0007,2025-05-17 15:00:07.058598,0.37
P0007,2025-06-19 15:00:07.058619,0.39
P0007,2025-05-31 15:00:07.058641,0.89
P0007,2025-07-01 15:00:07.058662,0.12
P0007,2025-06-09 15:00:07.058684,0.74
P0007,2025-06-20 15:00:07.058709,0.51
P0007,2025-05-12 15:00:07.058731,0.74
P0007,2025-06-25 15:00:07.058752,0.28
P0007,2025-07-09 15:00:07.058774,0.33
P0007,2025-05-29 15:00:07.058795,0.85
P0007,2025-06-10 15:00:07.058817,0.32
P0007,2025-05-20 15:00:07.058838,0.59
P0007,2025-06-21 15:00:07.058860,0.65
P0007,2025-06-04 15:00:07.058881,0.37
P0007,2025-07-05 15:00:07.058903,0.39
P0007,2025-07-04 15:00:07.058926,0.9
P0007,2025-06-03 15:00:07.058947,0.76
P0007,2025-07-06 15:00:07.058968,0.36
P0007,2025-05-27 15:00:07.058990,0.85
P0007,2025-06-20 15:00:07.059011,0.96
P0007,2025-05-21 15:00:07.059032,0.54
P0007,2025-06-22 15:00:07.059056,1.0
P0007,2025-06-16 15:00:07.059077,0.11
P0007,2025-06-14 15:00:07.059099,0.65
P0007,2025-06-06 15:00:07.059121,0.72
P0007,2025-07-05 15:00:07.059142,0.77
P0007,2025-07-10 15:00:07.059164,0.92
P0007,2025-06-09 15:00:07.059185,0.11
P0007,2025-05-20 15:00:07.059206,0.62
P0007,2025-06-21 15:00:07.059229,1.0
P0008,2025-06-11 15:00:07.059268,0.94
P0008,2025-06-28 15:00:07.059291,0.94
P0008,2025-06-25 15:00:07.059313,0.54
P0008,2025-06-27 15:00:07.059335,0.52
P0008,2025-06-17 15:00:07.059370,0.18
P0008,2025-06-04 15:00:07.059393,0.87
P0008,2025-05-30 15:00:07.059415,0.14
P0008,2025-06-11 15:00:07.059436,0.2
P0008,2025-06-02 15:00:07.059458,0.24
P0008,2025-05-28 15:00:07.059479,0.82
P0008,2025-06-18 15:00:07.059501,0.6
P0008,2025-06-01 15:00:07.059522,0.15
P0008,2025-06-11 15:00:07.059543,0.44
P0008,2025-07-08 15:00:07.059565,0.81
P0008,2025-06-28 15:00:07.059586,0.79
P0008,2025-05-27 15:00:07.059609,0.15
P0008,2025-06-15 15:00:07.059631,0.64
P0008,2025-07-11 15:00:07.059652,0.17
P0008,2025-05-23 15:00:07.059673,0.27
P0008,2025-06-16 15:00:07.059696,0.76
P0008,2025-06-10 15:00:07.059718,0.72
P0008,2025-06-25 15:00:07.059740,0.47
P0008,2025-06-10 15:00:07.059761,0.89
P0008,2025-05-19 15:00:07.059785,0.39
P0008,2025-06-26 15:00:07.059808,0.59
P0008,2025-05-29 15:00:07.059829,0.64
P0008,2025-05-17 15:00:07.059850,0.11
P0008,2025-05-26 15:00:07.060271,0.69
P0008,2025-05-17 15:00:07.060303,0.19
P0008,2025-06-30 15:00:07.060317,0.89
P0009,2025-06-17 15:00:07.060331,0.73
P0009,2025-05-23 15:00:07.060344,0.75
P0009,2025-06-22 15:00:07.060360,0.99
P0009,2025-06-26 15:00:07.060383,0.44
P0009,2025-06-25 15:00:07.060395,0.89
P0009,2025-07-11 15:00:07.060406,0.78
P0009,2025-06-03 15:00:07.060419,0.74
P0009,2025-05-29 15:00:07.060430,0.88
P0009,2025-07-10 15:00:07.060447,0.76
P0009,2025-06-10 15:00:07.060466,0.2
P0009,2025-06-01 15:00:07.060480,0.39
P0009,2025-05-28 15:00:07.060492,0.82
P0009,2025-06-19 15:00:07.060503,0.12
P0009,2025-07-07 15:00:07.060515,0.8
P0009,2025-06-19 15:00:07.060528,0.25
P0009,2025-06-03 15:00:07.060541,0.44
P0009,2025-07-11 15:00:07.060553,0.96
P0009,2025-07-01 15:00:07.060565,0.41
P0009,2025-05-20 15:00:07.060590,0.71
P0009,2025-05-25 15:00:07.060613,0.37
P0009,2025-06-30 15:00:07.060629,0.71
P0009,2025-06-13 15:00:07.060640,0.56
P0009,2025-05-18 15:00:07.060652,0.97
P0009,2025-07-01 15:00:07.060663,0.71
P0009,2025-05-28 15:00:07.060679,0.71
P0009,2025-06-08 15:00:07.060698,0.13
P0009,2025-05-25 15:00:07.060717,0.83
P0009,2025-05-31 15:00:07.060737,0.3
P0009,2025-05-25 15:00:07.060751,0.16
P0009,2025-05-26 15:00:07.060764,0.69
P0010,2025-06-05 15:00:07.060776,0.69
P0010,2025-05-31 15:00:07.060788,0.3
P0010,2025-06-30 15:00:07.060801,0.54
P0010,2025-06-03 15:00:07.060812,0.28
P0010,2025-05-28 15:00:07.060827,0.45
P0010,2025-07-10 15:00:07.060840,0.77
P0010,2025-06-04 15:00:07.060852,0.53
P0010,2025-06-17 15:00:07.060876,0.44
P0010,2025-06-23 15:00:07.060897,0.36
P0010,2025-07-09 15:00:07.060918,0.51
P0010,2025-05-19 15:00:07.060931,0.3
P0010,2025-06-08 15:00:07.060943,0.25
P0010,2025-06-01 15:00:07.060955,0.27
P0010,2025-06-29 15:00:07.060966,0.19
P0010,2025-05-18 15:00:07.060979,0.52
P0010,2025-05-17 15:00:07.060991,0.25
P0010,2025-06-05 15:00:07.061002,0.81
P0010,2025-05-27 15:00:07.061014,0.91
P0010,2025-05-25 15:00:07.061027,0.13
P0010,2025-06-01 15:00:07.061038,0.64
P0010,2025-07-11 15:00:07.061050,0.28
P0010,2025-06-12 15:00:07.061061,0.67
P0010,2025-06-17 15:00:07.061073,0.81
P0010,2025-05-23 15:00:07.061098,0.92
P0010,2025-05-19 15:00:07.061111,0.64
P0010,2025-06-27 15:00:07.061125,0.37
P0010,2025-06-08 15:00:07.061145,0.28
P0010,2025-06-14 15:00:07.061162,0.36
P0010,2025-07-07 15:00:07.061181,0.9
P0010,2025-05-31 15:00:07.061201,0.84
P0011,2025-07-11 15:00:07.061221,0.49
P0011,2025-07-02 15:00:07.061238,0.22
P0011,2025-05-23 15:00:07.061257,0.85
P0011,2025-07-03 15:00:07.061278,0.43
P0011,2025-05-18 15:00:07.061298,0.67
P0011,2025-06-04 15:00:07.061317,0.12
P0011,2025-05-14 15:00:07.061593,0.85
P0011,2025-07-04 15:00:07.061615,0.41
P0011,2025-07-01 15:00:07.061628,0.87
P0011,2025-05-18 15:00:07.061644,0.56
P0011,2025-06-03 15:00:07.061656,0.35
P0011,2025-06-09 15:00:07.061676,0.67
P0011,2025-05-28 15:00:07.061697,0.55
P0011,2025-06-23 15:00:07.061712,0.92
P0011,2025-05-27 15:00:07.061724,0.5
P0011,2025-07-06 15:00:07.061736,0.73
P0011,2025-06-19 15:00:07.061747,0.83
P0011,2025-06-17 15:00:07.061764,0.94
P0011,2025-06-07 15:00:07.061785,0.37
P0011,2025-07-11 15:00:07.061801,0.38
P0011,2025-07-09 15:00:07.061813,0.22
P0011,2025-07-01 15:00:07.061825,0.99
P0011,2025-06-25 15:00:07.061837,0.91
P0011,2025-06-21 15:00:07.061849,0.36
P0011,2025-05-23 15:00:07.061861,0.83
P0011,2025-07-09 15:00:07.061873,0.42
P0011,2025-07-02 15:00:07.061885,0.79
P0011,2025-06-05 15:00:07.061898,0.87
P0011,2025-05-13 15:00:07.061909,0.93
P0011,2025-06-29 15:00:07.061921,0.64
P0012,2025-06-23 15:00:07.061935,0.2
P0012,2025-06-12 15:00:07.061947,0.17
P0012,2025-06-14 15:00:07.061959,0.64
P0012,2025-06-25 15:00:07.061980,0.96
P0012,2025-07-07 15:00:07.062002,0.1
P0012,2025-05-20 15:00:07.062015,0.62
P0012,2025-05-28 15:00:07.062027,0.97
P0012,2025-07-07 15:00:07.062039,0.54
P0012,2025-07-07 15:00:07.062055,0.25
P0012,2025-06-28 15:00:07.062067,0.93
P0012,2025-06-20 15:00:07.062079,0.54
P0012,2025-07-10 15:00:07.062092,0.71
P0012,2025-06-19 15:00:07.062104,0.1
P0012,2025-05-24 15:00:07.062116,0.46
P0012,2025-07-09 15:00:07.062128,0.26
P0012,2025-05-15 15:00:07.062140,1.0
P0012,2025-05-21 15:00:07.062152,0.66
P0012,2025-06-08 15:00:07.062164,0.14
P0012,2025-07-11 15:00:07.062176,0.7
P0012,2025-05-13 15:00:07.062188,0.5
P0012,2025-06-04 15:00:07.062202,0.69
P0012,2025-05-30 15:00:07.062222,0.64
P0012,2025-06-13 15:00:07.062239,0.96
P0012,2025-07-01 15:00:07.062259,0.43
P0012,2025-05-19 15:00:07.062279,1.0
P0012,2025-07-07 15:00:07.062298,0.43
P0012,2025-06-10 15:00:07.062318,0.26
P0012,2025-06-16 15:00:07.062331,0.77
P0012,2025-05-27 15:00:07.062343,0.48
P0012,2025-05-14 15:00:07.062355,0.75
P0013,2025-05-28 15:00:07.062372,0.14
P0013,2025-06-03 15:00:07.062392,0.83
P0013,2025-06-25 15:00:07.062412,0.14
P0013,2025-06-07 15:00:07.062432,0.97
P0013,2025-07-06 15:00:07.062445,0.91
P0013,2025-07-09 15:00:07.062457,0.31
P0013,2025-05-15 15:00:07.062469,0.31
P0013,2025-05-12 15:00:07.062481,0.9
P0013,2025-07-04 15:00:07.062492,0.83
P0013,2025-05-14 15:00:07.062504,0.21
P0013,2025-05-25 15:00:07.062517,0.17
P0013,2025-07-06 15:00:07.062529,0.53
P0013,2025-06-19 15:00:07.062541,0.9
P0013,2025-06-05 15:00:07.062553,0.18
P0013,2025-06-01 15:00:07.062565,0.33
P0013,2025-06-08 15:00:07.062577,0.23
P0013,2025-06-06 15:00:07.062589,0.24
P0013,2025-05-15 15:00:07.062606,0.42
P0013,2025-06-22 15:00:07.062626,0.12
P0013,2025-05-24 15:00:07.062639,0.12
P0013,2025-07-03 15:00:07.062651,0.95
P0013,2025-05-31 15:00:07.062663,0.82
P0013,2025-06-25 15:00:07.062675,0.36
P0013,2025-05-18 15:00:07.062687,0.76
P0013,2025-06-27 15:00:07.062699,0.64
P0013,2025-07-08 15:00:07.062711,0.42
P0013,2025-05-18 15:00:07.062725,0.43
P0013,2025-05-17 15:00:07.062738,0.53
P0013,2025-06-26 15:00:07.062754,0.63
P0013,2025-06-27 15:00:07.062774,0.9
P0014,2025-06-13 15:00:07.062791,0.89
P0014,2025-05-27 15:00:07.062804,0.81
P0014,2025-07-10 15:00:07.062815,0.64
P0014,2025-07-08 15:00:07.062827,0.94
P0014,2025-05-22 15:00:07.062843,0.57
P0014,2025-06-03 15:00:07.062864,0.36
P0014,2025-05-25 15:00:07.062880,0.49
P0014,2025-07-04 15:00:07.062892,0.2
P0014,2025-06-27 15:00:07.062904,0.62
P0014,2025-05-28 15:00:07.062915,0.18
P0014,2025-07-01 15:00:07.062927,0.53
P0014,2025-06-03 15:00:07.062941,0.18
P0014,2025-06-23 15:00:07.062953,0.61
P0014,2025-06-26 15:00:07.062964,0.91
P0014,2025-06-27 15:00:07.062976,0.27
P0014,2025-06-08 15:00:07.062988,0.11
P0014,2025-06-12 15:00:07.062999,0.99
P0014,2025-05-16 15:00:07.063011,0.45
P0014,2025-05-26 15:00:07.063024,0.21
P0014,2025-06-05 15:00:07.063043,0.95
P0014,2025-06-09 15:00:07.063063,0.52
P0014,2025-06-17 15:00:07.063079,0.93
P0014,2025-07-08 15:00:07.063091,0.41
P0014,2025-06-22 15:00:07.063103,0.9
P0014,2025-06-12 15:00:07.063114,0.95
P0014,2025-07-10 15:00:07.063126,0.59
P0014,2025-06-24 15:00:07.063138,0.55
P0014,2025-07-03 15:00:07.063149,0.28
P0014,2025-06-23 15:00:07.063163,0.47
P0014,2025-07-04 15:00:07.063175,0.73
P0015,2025-07-01 15:00:07.063187,0.48
P0015,2025-06-08 15:00:07.063199,0.58
P0015,2025-07-07 15:00:07.063211,0.75
P0015,2025-05-14 15:00:07.063223,0.85
P0015,2025-07-08 15:00:07.063235,1.0
P0015,2025-05-30 15:00:07.063246,0.57
P0015,2025-07-04 15:00:07.063258,0.6
P0015,2025-06-25 15:00:07.063270,0.36
P0015,2025-06-20 15:00:07.063301,0.15
P0015,2025-07-03 15:00:07.063320,0.35
P0015,2025-05-17 15:00:07.063335,0.19
P0015,2025-05-29 15:00:07.063471,0.3
P0015,2025-06-16 15:00:07.063506,0.89
P0015,2025-06-19 15:00:07.063525,0.81
P0015,2025-06-20 15:00:07.063543,0.42
P0015,2025-06-10 15:00:07.063560,0.73
P0015,2025-07-06 15:00:07.063579,0.42
P0015,2025-05-15 15:00:07.063598,0.22
P0015,2025-05-25 15:00:07.063618,0.35
P0015,2025-06-07 15:00:07.063630,0.36
P0015,2025-05-13 15:00:07.063645,0.48
P0015,2025-06-22 15:00:07.063666,0.74
P0015,2025-06-05 15:00:07.063686,0.77
P0015,2025-06-06 15:00:07.063705,0.75
P0015,2025-06-14 15:00:07.063722,0.91
P0015,2025-06-24 15:00:07.063735,0.32
P0015,2025-06-08 15:00:07.063746,0.84
P0015,2025-06-16 15:00:07.063759,0.72
P0015,2025-05-14 15:00:07.063770,0.34
P0015,2025-06-27 15:00:07.063782,0.12
P0016,2025-06-20 15:00:07.063797,0.46
P0016,2025-05-23 15:00:07.063809,0.66
P0016,2025-06-17 15:00:07.063821,0.65
P0016,2025-05-31 15:00:07.063835,0.8
P0016,2025-06-08 15:00:07.063855,0.38
P0016,2025-06-07 15:00:07.063867,0.55
P0016,2025-06-01 15:00:07.063879,0.98
P0016,2025-06-03 15:00:07.063924,0.15
P0016,2025-06-01 15:00:07.063944,0.77
P0016,2025-06-15 15:00:07.063956,0.39
P0016,2025-07-10 15:00:07.063968,0.92
P0016,2025-06-23 15:00:07.063980,0.64
P0016,2025-05-12 15:00:07.063992,0.49
P0016,2025-05-25 15:00:07.064003,0.24
P0016,2025-06-07 15:00:07.064015,0.27
P0016,2025-06-02 15:00:07.064027,0.44
P0016,2025-07-08 15:00:07.064051,0.89
P0016,2025-05-29 15:00:07.064064,0.87
P0016,2025-06-08 15:00:07.064075,0.37
P0016,2025-07-09 15:00:07.064087,0.12
P0016,2025-07-01 15:00:07.064099,0.71
P0016,2025-06-17 15:00:07.064112,0.91
P0016,2025-05-12 15:00:07.064131,0.23
P0016,2025-05-13 15:00:07.064151,0.28
P0016,2025-06-05 15:00:07.064169,0.35
P0016,2025-06-22 15:00:07.064181,0.59
P0016,2025-06-28 15:00:07.064193,0.83
P0016,2025-06-01 15:00:07.064211,0.45
P0016,2025-06-12 15:00:07.064228,0.79
P0016,2025-06-17 15:00:07.064240,0.6
P0017,2025-07-06 15:00:07.064254,0.59
P0017,2025-05-28 15:00:07.064267,0.11
P0017,2025-06-14 15:00:07.064297,0.73
P0017,2025-05-22 15:00:07.064311,0.31
P0017,2025-06-28 15:00:07.064324,0.92
P0017,2025-07-05 15:00:07.064340,0.94
P0017,2025-06-18 15:00:07.064354,0.75
P0017,2025-06-14 15:00:07.064373,0.3
P0017,2025-05-14 15:00:07.064394,0.87
P0017,2025-06-10 15:00:07.064407,0.75
P0017,2025-06-28 15:00:07.064427,0.18
P0017,2025-06-29 15:00:07.064441,0.58
P0017,2025-06-04 15:00:07.064453,0.34
P0017,2025-06-12 15:00:07.064464,0.23
P0017,2025-06-08 15:00:07.064476,0.73
P0017,2025-05-20 15:00:07.064487,0.99
P0017,2025-05-18 15:00:07.064499,0.32
P0017,2025-07-04 15:00:07.064511,0.31
P0017,2025-05-30 15:00:07.064523,0.66
P0017,2025-06-29 15:00:07.064534,0.64
P0017,2025-06-06 15:00:07.064548,0.18
P0017,2025-06-15 15:00:07.064564,0.64
P0017,2025-06-04 15:00:07.064583,0.36
P0017,2025-05-15 15:00:07.064604,0.98
P0017,2025-05-26 15:00:07.064623,0.98
P0017,2025-05-28 15:00:07.064635,0.86
P0017,2025-06-02 15:00:07.064647,0.85
P0017,2025-06-23 15:00:07.064663,0.31
P0017,2025-07-02 15:00:07.064683,0.16
P0017,2025-07-01 15:00:07.064703,0.85
P0018,2025-06-03 15:00:07.064721,0.95
P0018,2025-06-29 15:00:07.064741,0.43
P0018,2025-06-07 15:00:07.064759,0.64
P0018,2025-05-25 15:00:07.064771,0.54
P0018,2025-07-10 15:00:07.064784,0.88
P0018,2025-06-05 15:00:07.064797,0.16
P0018,2025-05-13 15:00:07.064809,0.28
P0018,2025-06-01 15:00:07.064821,0.88
P0018,2025-05-21 15:00:07.064832,0.33
P0018,2025-06-05 15:00:07.064845,0.15
P0018,2025-05-31 15:00:07.064857,0.55
P0018,2025-06-05 15:00:07.064869,0.42
P0018,2025-05-25 15:00:07.064881,0.33
P0018,2025-06-30 15:00:07.064893,0.82
P0018,2025-06-13 15:00:07.064906,0.82
P0018,2025-06-09 15:00:07.064923,0.46
P0018,2025-06-07 15:00:07.064940,0.89
P0018,2025-07-10 15:00:07.064953,0.6
P0018,2025-05-12 15:00:07.064965,0.32
P0018,2025-05-12 15:00:07.064981,0.34
P0018,2025-07-08 15:00:07.065010,0.32
P0018,2025-06-21 15:00:07.065024,0.95
P0018,2025-06-07 15:00:07.065043,0.11
P0018,2025-07-09 15:00:07.065064,0.83
P0018,2025-06-16 15:00:07.065079,0.42
P0018,2025-06-01 15:00:07.065092,0.53
P0018,2025-05-23 15:00:07.065114,0.75
P0018,2025-06-17 15:00:07.065127,0.26
P0018,2025-06-04 15:00:07.065141,0.29
P0018,2025-05-30 15:00:07.065153,0.2
P0019,2025-06-16 15:00:07.065166,0.28
P0019,2025-06-21 15:00:07.065178,0.49
P0019,2025-06-01 15:00:07.065190,1.0
P0019,2025-06-30 15:00:07.065641,0.91
P0019,2025-06-01 15:00:07.065721,0.32
P0019,2025-06-10 15:00:07.065760,0.3
P0019,2025-07-11 15:00:07.065787,0.58
P0019,2025-06-07 15:00:07.065806,0.73
P0019,2025-07-08 15:00:07.065837,0.15
P0019,2025-06-05 15:00:07.065858,0.46
P0019,2025-05-24 15:00:07.065876,0.93
P0019,2025-05-23 15:00:07.065895,0.75
P0019,2025-06-09 15:00:07.065914,0.72
P0019,2025-05-21 15:00:07.065932,0.45
P0019,2025-05-17 15:00:07.065951,0.83
P0019,2025-05-17 15:00:07.065982,0.66
P0019,2025-05-30 15:00:07.066001,0.29
P0019,2025-06-09 15:00:07.066020,0.25
P0019,2025-06-02 15:00:07.066038,0.79
P0019,2025-05-21 15:00:07.066073,0.32
P0019,2025-05-30 15:00:07.066092,0.24
P0019,2025-05-12 15:00:07.066111,0.19
P0019,2025-07-05 15:00:07.066130,0.31
P0019,2025-06-06 15:00:07.066149,0.98
P0019,2025-06-16 15:00:07.066172,0.8
P0019,2025-05-14 15:00:07.066202,0.53
P0019,2025-06-30 15:00:07.066221,0.92
P0019,2025-07-02 15:00:07.066240,0.19
P0019,2025-06-04 15:00:07.066258,0.23
P0019,2025-05-17 15:00:07.066277,0.11
P0020,2025-05-28 15:00:07.066298,0.92
P0020,2025-06-06 15:00:07.066317,0.44
P0020,2025-06-24 15:00:07.066336,0.31
P0020,2025-07-10 15:00:07.066355,0.45
P0020,2025-06-26 15:00:07.066373,0.26
P0020,2025-05-13 15:00:07.066391,0.74
P0020,2025-07-04 15:00:07.066410,0.32
P0020,2025-06-26 15:00:07.066429,0.51
P0020,2025-07-05 15:00:07.066449,0.74
P0020,2025-06-12 15:00:07.066468,0.46
P0020,2025-05-29 15:00:07.066487,0.76
P0020,2025-05-25 15:00:07.066506,0.83
P0020,2025-05-30 15:00:07.066524,0.65
P0020,2025-07-06 15:00:07.066543,0.11
P0020,2025-06-27 15:00:07.066561,0.37
P0020,2025-07-04 15:00:07.066598,0.3
P0020,2025-06-28 15:00:07.066617,0.61
P0020,2025-06-21 15:00:07.066635,0.52
P0020,2025-06-12 15:00:07.066653,0.66
P0020,2025-06-21 15:00:07.066672,0.58
P0020,2025-05-25 15:00:07.066690,0.39
P0020,2025-05-24 15:00:07.066709,0.92
P0020,2025-05-31 15:00:07.066728,0.41
P0020,2025-06-17 15:00:07.066937,0.47
P0020,2025-06-21 15:00:07.067008,0.31
P0020,2025-07-01 15:00:07.067029,0.41
P0020,2025-07-04 15:00:07.067043,0.52
P0020,2025-06-29 15:00:07.067057,0.52
P0020,2025-06-11 15:00:07.067070,0.36
P0020,2025-05-26 15:00:07.067093,0.5
P0021,2025-06-06 15:00:07.067109,0.18
P0021,2025-05-27 15:00:07.067127,0.67
P0021,2025-06-22 15:00:07.067149,0.52
P0021,2025-05-12 15:00:07.067179,0.19
P0021,2025-05-18 15:00:07.067193,0.77
P0021,2025-07-02 15:00:07.067207,0.94
P0021,2025-06-16 15:00:07.067221,0.44
P0021,2025-05-14 15:00:07.067239,0.23
P0021,2025-05-24 15:00:07.067263,0.98
P0021,2025-05-28 15:00:07.067278,0.77
P0021,2025-06-29 15:00:07.067295,0.77
P0021,2025-05-12 15:00:07.067315,0.63
P0021,2025-05-14 15:00:07.067329,0.24
P0021,2025-06-28 15:00:07.067587,0.7
P0021,2025-06-01 15:00:07.067662,0.2
P0021,2025-06-28 15:00:07.067688,0.85
P0021,2025-06-19 15:00:07.067711,0.75
P0021,2025-07-06 15:00:07.067730,0.92
P0021,2025-07-04 15:00:07.067747,0.64
P0021,2025-06-24 15:00:07.067765,0.97
P0021,2025-05-16 15:00:07.067788,0.97
P0021,2025-06-03 15:00:07.067821,0.99
P0021,2025-06-18 15:00:07.067839,0.88
P0021,2025-07-07 15:00:07.067857,0.11
P0021,2025-06-18 15:00:07.067878,0.65
P0021,2025-07-06 15:00:07.067893,0.28
P0021,2025-06-23 15:00:07.067913,0.72
P0021,2025-06-28 15:00:07.067933,0.13
P0021,2025-07-05 15:00:07.067954,0.26
P0021,2025-07-11 15:00:07.067967,0.61
P0022,2025-05-18 15:00:07.067987,0.69
P0022,2025-07-11 15:00:07.068014,0.33
P0022,2025-06-01 15:00:07.068034,0.74
P0022,2025-07-05 15:00:07.068059,0.12
P0022,2025-06-06 15:00:07.068079,0.14
P0022,2025-06-24 15:00:07.068096,0.43
P0022,2025-06-29 15:00:07.068110,0.37
P0022,2025-06-08 15:00:07.068123,0.11
P0022,2025-06-05 15:00:07.068137,0.62
P0022,2025-07-07 15:00:07.068151,0.58
P0022,2025-07-10 15:00:07.068164,0.79
P0022,2025-06-22 15:00:07.068177,0.59
P0022,2025-07-02 15:00:07.068192,0.71
P0022,2025-05-29 15:00:07.068214,0.92
P0022,2025-06-22 15:00:07.068227,0.84
P0022,2025-06-12 15:00:07.068247,0.53
P0022,2025-05-14 15:00:07.068260,0.1
P0022,2025-06-06 15:00:07.068273,0.18
P0022,2025-06-03 15:00:07.068286,0.61
P0022,2025-07-01 15:00:07.068299,0.47
P0022,2025-05-29 15:00:07.068312,0.99
P0022,2025-07-05 15:00:07.068325,0.46
P0022,2025-06-20 15:00:07.068354,0.32
P0022,2025-06-13 15:00:07.068376,0.69
P0022,2025-06-01 15:00:07.068393,0.86
P0022,2025-05-23 15:00:07.068406,0.67
P0022,2025-07-08 15:00:07.068419,0.39
P0022,2025-07-02 15:00:07.068432,0.78
P0022,2025-06-23 15:00:07.068450,0.59
P0022,2025-07-06 15:00:07.068464,0.72
P0023,2025-06-04 15:00:07.068478,0.78
P0023,2025-05-19 15:00:07.068491,0.68
P0023,2025-07-11 15:00:07.068504,0.98
P0023,2025-05-16 15:00:07.068516,0.56
P0023,2025-06-29 15:00:07.068537,0.78
P0023,2025-06-02 15:00:07.068549,0.11
P0023,2025-06-13 15:00:07.068561,0.38
P0023,2025-05-26 15:00:07.068572,0.69
P0023,2025-05-16 15:00:07.068588,0.88
P0023,2025-07-08 15:00:07.068609,0.63
P0023,2025-05-21 15:00:07.068620,0.84
P0023,2025-06-13 15:00:07.068632,0.48
P0023,2025-06-03 15:00:07.068644,0.4
P0023,2025-05-27 15:00:07.068657,0.65
P0023,2025-06-05 15:00:07.068670,0.39
P0023,2025-05-16 15:00:07.068682,0.36
P0023,2025-06-25 15:00:07.068693,0.14
P0023,2025-05-19 15:00:07.068705,0.45
P0023,2025-05-19 15:00:07.068717,0.42
P0023,2025-06-27 15:00:07.068736,0.6
P0023,2025-05-29 15:00:07.068753,0.91
P0023,2025-05-23 15:00:07.068765,0.36
P0023,2025-06-21 15:00:07.068776,0.52
P0023,2025-05-18 15:00:07.068788,0.99
P0023,2025-06-03 15:00:07.068800,0.78
P0023,2025-05-30 15:00:07.068812,0.74
P0023,2025-05-28 15:00:07.068824,0.53
P0023,2025-06-06 15:00:07.068836,0.16
P0023,2025-05-29 15:00:07.068848,0.6
P0023,2025-05-31 15:00:07.068860,0.21
P0024,2025-06-14 15:00:07.068883,0.4
P0024,2025-06-25 15:00:07.068908,0.46
P0024,2025-06-18 15:00:07.068931,0.77
P0024,2025-06-02 15:00:07.068959,0.32
P0024,2025-05-22 15:00:07.068986,0.63
P0024,2025-07-03 15:00:07.069004,0.62
P0024,2025-05-29 15:00:07.069016,0.78
P0024,2025-07-05 15:00:07.069027,0.37
P0024,2025-05-28 15:00:07.069042,0.82
P0024,2025-05-31 15:00:07.069061,0.7
P0024,2025-06-27 15:00:07.069080,0.81
P0024,2025-07-08 15:00:07.069099,0.64
P0024,2025-05-15 15:00:07.069116,0.29
P0024,2025-06-07 15:00:07.069128,0.6
P0024,2025-06-10 15:00:07.069141,0.7
P0024,2025-06-12 15:00:07.069161,0.65
P0024,2025-06-11 15:00:07.069189,0.6
P0024,2025-06-26 15:00:07.069201,0.5
P0024,2025-06-09 15:00:07.069213,0.18
P0024,2025-06-30 15:00:07.069225,0.4
P0024,2025-05-23 15:00:07.069237,0.81
P0024,2025-06-05 15:00:07.069248,0.2
P0024,2025-05-14 15:00:07.069260,0.83
P0024,2025-06-21 15:00:07.069272,0.91
P0024,2025-05-25 15:00:07.069283,0.71
P0024,2025-05-30 15:00:07.069295,0.37
P0024,2025-07-05 15:00:07.069307,0.94
P0024,2025-05-24 15:00:07.069319,0.43
P0024,2025-06-11 15:00:07.069330,0.2
P0024,2025-07-06 15:00:07.069342,0.4
P0025,2025-06-23 15:00:07.069355,0.54
P0025,2025-07-06 15:00:07.069366,0.35
P0025,2025-05-15 15:00:07.069383,0.95
P0025,2025-06-03 15:00:07.069396,0.11
P0025,2025-06-26 15:00:07.069407,0.53
P0025,2025-06-25 15:00:07.069420,0.91
P0025,2025-06-25 15:00:07.069439,0.12
P0025,2025-05-24 15:00:07.069461,0.68
P0025,2025-05-19 15:00:07.069473,0.75
P0025,2025-06-11 15:00:07.069485,0.19
P0025,2025-07-02 15:00:07.069501,0.48
P0025,2025-05-12 15:00:07.069513,0.13
P0025,2025-06-05 15:00:07.069525,0.14
P0025,2025-07-01 15:00:07.069536,0.33
P0025,2025-05-24 15:00:07.069550,0.69
P0025,2025-06-29 15:00:07.069566,0.39
P0025,2025-05-28 15:00:07.069579,0.78
P0025,2025-05-22 15:00:07.069591,0.62
P0025,2025-06-18 15:00:07.069604,0.82
P0025,2025-06-07 15:00:07.069616,0.17
P0025,2025-06-26 15:00:07.069628,0.9
P0025,2025-06-05 15:00:07.069644,0.19
P0025,2025-06-26 15:00:07.069664,0.76
P0025,2025-05-12 15:00:07.069681,0.5
P0025,2025-06-10 15:00:07.069692,0.21
P0025,2025-05-25 15:00:07.069704,0.22
P0025,2025-06-27 15:00:07.069715,0.16
P0025,2025-06-06 15:00:07.069727,0.14
P0025,2025-05-15 15:00:07.069738,0.3
P0025,2025-06-26 15:00:07.069750,0.77
P0026,2025-06-24 15:00:07.069762,0.14
P0026,2025-05-20 15:00:07.069774,0.43
P0026,2025-05-25 15:00:07.069786,0.59
P0026,2025-06-12 15:00:07.069801,0.71
P0026,2025-05-25 15:00:07.069830,0.89
P0026,2025-05-19 15:00:07.069843,0.42
P0026,2025-07-01 15:00:07.069856,0.21
P0026,2025-05-12 15:00:07.069868,0.17
P0026,2025-06-05 15:00:07.069880,0.27
P0026,2025-06-19 15:00:07.069891,0.86
P0026,2025-06-11 15:00:07.069903,0.17
P0026,2025-07-10 15:00:07.069917,0.25
P0026,2025-06-19 15:00:07.069934,0.92
P0026,2025-06-19 15:00:07.069953,0.54
P0026,2025-05-28 15:00:07.069974,0.97
P0026,2025-06-01 15:00:07.069989,0.72
P0026,2025-05-14 15:00:07.070010,0.71
P0026,2025-06-29 15:00:07.070030,0.92
P0026,2025-06-26 15:00:07.070053,0.24
P0026,2025-06-25 15:00:07.070072,0.87
P0026,2025-05-25 15:00:07.070086,0.65
P0026,2025-06-29 15:00:07.070098,0.8
P0026,2025-05-18 15:00:07.070110,0.71
P0026,2025-06-26 15:00:07.070127,0.98
P0026,2025-07-06 15:00:07.070147,0.16
P0026,2025-07-06 15:00:07.070177,0.25
P0026,2025-07-11 15:00:07.070192,0.33
P0026,2025-06-05 15:00:07.070204,0.47
P0026,2025-06-18 15:00:07.070216,0.29
P0026,2025-06-17 15:00:07.070230,0.39
P0027,2025-06-19 15:00:07.070256,0.57
P0027,2025-06-22 15:00:07.070269,0.42
P0027,2025-05-22 15:00:07.070281,0.64
P0027,2025-06-17 15:00:07.070292,0.42
P0027,2025-05-23 15:00:07.070304,0.42
P0027,2025-05-17 15:00:07.070316,0.25
P0027,2025-05-17 15:00:07.070327,0.17
P0027,2025-05-13 15:00:07.070339,0.71
P0027,2025-05-18 15:00:07.070351,0.48
P0027,2025-07-05 15:00:07.070363,0.5
P0027,2025-06-19 15:00:07.070374,1.0
P0027,2025-06-20 15:00:07.070386,0.21
P0027,2025-06-18 15:00:07.070397,0.55
P0027,2025-06-18 15:00:07.070409,0.59
P0027,2025-05-29 15:00:07.070421,0.15
P0027,2025-05-19 15:00:07.070432,0.15
P0027,2025-07-08 15:00:07.070444,0.26
P0027,2025-06-17 15:00:07.070456,0.86
P0027,2025-05-31 15:00:07.070467,0.5
P0027,2025-06-17 15:00:07.070484,0.68
P0027,2025-06-01 15:00:07.070496,0.41
P0027,2025-06-03 15:00:07.070515,0.96
P0027,2025-07-07 15:00:07.070538,0.33
P0027,2025-06-15 15:00:07.070555,0.11
P0027,2025-05-28 15:00:07.070574,0.77
P0027,2025-05-19 15:00:07.070588,0.49
P0027,2025-07-10 15:00:07.070600,0.98
P0027,2025-06-16 15:00:07.070612,0.67
P0027,2025-06-22 15:00:07.070623,0.26
P0027,2025-06-02 15:00:07.070636,0.78
P0028,2025-06-13 15:00:07.070648,0.42
P0028,2025-07-10 15:00:07.070660,0.35
P0028,2025-07-05 15:00:07.070672,0.51
P0028,2025-07-07 15:00:07.070683,0.36
P0028,2025-05-27 15:00:07.070705,0.61
P0028,2025-05-14 15:00:07.070729,0.7
P0028,2025-05-22 15:00:07.070747,0.94
P0028,2025-06-20 15:00:07.070759,0.71
P0028,2025-07-07 15:00:07.070771,0.84
P0028,2025-06-22 15:00:07.070782,0.14
P0028,2025-05-30 15:00:07.070798,0.33
P0028,2025-05-21 15:00:07.070819,0.93
P0028,2025-05-24 15:00:07.070844,0.34
P0028,2025-05-27 15:00:07.070864,0.72
P0028,2025-05-26 15:00:07.070879,0.57
P0028,2025-05-29 15:00:07.070900,0.35
P0028,2025-07-03 15:00:07.070920,0.23
P0028,2025-05-31 15:00:07.070937,0.33
P0028,2025-07-02 15:00:07.070956,0.38
P0028,2025-07-11 15:00:07.070969,0.27
P0028,2025-05-24 15:00:07.070980,0.71
P0028,2025-06-02 15:00:07.070992,0.2
P0028,2025-07-09 15:00:07.071004,0.72
P0028,2025-06-24 15:00:07.071019,0.78
P0028,2025-06-08 15:00:07.071053,0.76
P0028,2025-05-14 15:00:07.071075,0.84
P0028,2025-05-12 15:00:07.071096,0.53
P0028,2025-07-10 15:00:07.071117,0.82
P0028,2025-06-04 15:00:07.071142,0.56
P0028,2025-05-31 15:00:07.071154,0.18
P0029,2025-07-07 15:00:07.071166,0.44
P0029,2025-05-22 15:00:07.071178,0.31
P0029,2025-06-29 15:00:07.071190,0.94
P0029,2025-05-31 15:00:07.071209,0.8
P0029,2025-06-12 15:00:07.071230,0.21
P0029,2025-06-18 15:00:07.071248,0.63
P0029,2025-06-09 15:00:07.071267,0.28
P0029,2025-07-09 15:00:07.071284,0.8
P0029,2025-07-10 15:00:07.071302,0.53
P0029,2025-05-21 15:00:07.071321,0.99
P0029,2025-06-02 15:00:07.071345,0.92
P0029,2025-06-15 15:00:07.071465,0.99
P0029,2025-07-04 15:00:07.071482,0.9
P0029,2025-06-13 15:00:07.071494,0.39
P0029,2025-06-18 15:00:07.071507,0.43
P0029,2025-07-09 15:00:07.071518,0.73
P0029,2025-06-22 15:00:07.071530,0.66
P0029,2025-06-29 15:00:07.071542,0.62
P0029,2025-07-11 15:00:07.071556,0.24
P0029,2025-06-23 15:00:07.071575,0.55
P0029,2025-07-07 15:00:07.071595,0.17
P0029,2025-06-26 15:00:07.071625,0.85
P0029,2025-06-19 15:00:07.071637,0.48
P0029,2025-06-08 15:00:07.071653,0.99
P0029,2025-05-18 15:00:07.071665,0.41
P0029,2025-05-24 15:00:07.071930,0.46
P0029,2025-06-13 15:00:07.071944,0.21
P0029,2025-07-02 15:00:07.071963,0.57
P0029,2025-05-23 15:00:07.071985,0.77
P0029,2025-06-12 15:00:07.072008,0.5
P0030,2025-06-28 15:00:07.072029,0.92
P0030,2025-07-01 15:00:07.072047,0.32
P0030,2025-06-30 15:00:07.072067,0.31
P0030,2025-07-06 15:00:07.072088,0.23
P0030,2025-05-13 15:00:07.072107,0.75
P0030,2025-06-29 15:00:07.072125,0.15
P0030,2025-06-24 15:00:07.072144,0.22
P0030,2025-05-26 15:00:07.072163,0.97
P0030,2025-06-12 15:00:07.072182,0.87
P0030,2025-05-30 15:00:07.072201,0.78
P0030,2025-05-22 15:00:07.072220,0.13
P0030,2025-06-06 15:00:07.072237,0.12
P0030,2025-05-19 15:00:07.072255,0.45
P0030,2025-05-16 15:00:07.072277,0.66
P0030,2025-06-17 15:00:07.072296,0.29
P0030,2025-05-21 15:00:07.072316,0.11
P0030,2025-05-22 15:00:07.072336,0.77
P0030,2025-06-01 15:00:07.072348,0.54
P0030,2025-07-06 15:00:07.072360,0.8
P0030,2025-05-28 15:00:07.072376,0.89
P0030,2025-06-14 15:00:07.072396,0.71
P0030,2025-05-14 15:00:07.072424,0.52
P0030,2025-06-01 15:00:07.072436,0.22
P0030,2025-07-05 15:00:07.072448,0.85
P0030,2025-06-08 15:00:07.072459,0.97
P0030,2025-07-09 15:00:07.072471,0.48
P0030,2025-06-01 15:00:07.072483,0.75
P0030,2025-05-14 15:00:07.072494,0.75
P0030,2025-07-10 15:00:07.072506,0.79
P0030,2025-05-12 15:00:07.072520,0.53
P0031,2025-05-24 15:00:07.072533,0.53
P0031,2025-07-09 15:00:07.072550,0.84
P0031,2025-06-13 15:00:07.072562,0.26
P0031,2025-05-15 15:00:07.072574,0.88
P0031,2025-05-25 15:00:07.072586,0.34
P0031,2025-06-25 15:00:07.072597,0.93
P0031,2025-07-02 15:00:07.072608,0.4
P0031,2025-05-16 15:00:07.072620,0.86
P0031,2025-05-21 15:00:07.072632,0.73
P0031,2025-05-20 15:00:07.072647,0.1
P0031,2025-06-28 15:00:07.072667,0.52
P0031,2025-06-02 15:00:07.072696,0.85
P0031,2025-07-03 15:00:07.072716,0.33
P0031,2025-06-06 15:00:07.072731,0.97
P0031,2025-06-04 15:00:07.072743,0.53
P0031,2025-06-30 15:00:07.072759,0.87
P0031,2025-06-04 15:00:07.072771,0.16
P0031,2025-06-17 15:00:07.072783,0.81
P0031,2025-07-09 15:00:07.072795,0.38
P0031,2025-06-15 15:00:07.072807,0.7
P0031,2025-07-02 15:00:07.072819,0.76
P0031,2025-05-31 15:00:07.072830,0.28
P0031,2025-06-30 15:00:07.072842,0.3
P0031,2025-06-23 15:00:07.072854,0.36
P0031,2025-06-11 15:00:07.072866,0.62
P0031,2025-06-18 15:00:07.072882,0.43
P0031,2025-06-18 15:00:07.072902,0.98
P0031,2025-05-14 15:00:07.072914,0.72
P0031,2025-06-21 15:00:07.072926,0.18
P0031,2025-06-14 15:00:07.072941,0.83
P0032,2025-07-05 15:00:07.072954,0.99
P0032,2025-05-17 15:00:07.072968,0.39
P0032,2025-06-18 15:00:07.072979,0.58
P0032,2025-06-27 15:00:07.072991,0.11
P0032,2025-06-25 15:00:07.073004,0.9
P0032,2025-06-07 15:00:07.073016,0.26
P0032,2025-07-11 15:00:07.073029,0.38
P0032,2025-05-18 15:00:07.073047,0.83
P0032,2025-06-13 15:00:07.073066,0.7
P0032,2025-07-11 15:00:07.073077,0.58
P0032,2025-07-07 15:00:07.073089,0.18
P0032,2025-05-17 15:00:07.073101,0.82
P0032,2025-06-07 15:00:07.073112,0.69
P0032,2025-05-31 15:00:07.073124,0.29
P0032,2025-05-27 15:00:07.073135,0.12
P0032,2025-05-30 15:00:07.073147,0.52
P0032,2025-07-04 15:00:07.073164,0.13
P0032,2025-06-08 15:00:07.073188,0.94
P0032,2025-07-03 15:00:07.073205,0.86
P0032,2025-05-14 15:00:07.073216,0.96
P0032,2025-06-26 15:00:07.073230,0.95
P0032,2025-06-17 15:00:07.073242,0.37
P0032,2025-07-07 15:00:07.073253,0.62
P0032,2025-06-17 15:00:07.073265,0.81
P0032,2025-05-19 15:00:07.073277,0.94
P0032,2025-06-03 15:00:07.073288,0.35
P0032,2025-07-01 15:00:07.073300,0.95
P0032,2025-07-03 15:00:07.073312,0.93
P0032,2025-05-21 15:00:07.073323,0.21
P0032,2025-06-10 15:00:07.073334,0.24
P0033,2025-06-28 15:00:07.073347,0.74
P0033,2025-06-25 15:00:07.073359,0.14
P0033,2025-05-16 15:00:07.073378,0.35
P0033,2025-05-16 15:00:07.073400,0.57
P0033,2025-06-21 15:00:07.073415,0.15
P0033,2025-05-23 15:00:07.073426,0.36
P0033,2025-06-09 15:00:07.073438,0.5
P0033,2025-06-01 15:00:07.073453,0.37
P0033,2025-05-16 15:00:07.073472,0.55
P0033,2025-05-19 15:00:07.073500,0.85
P0033,2025-05-30 15:00:07.073512,0.18
P0033,2025-05-17 15:00:07.073524,0.34
P0033,2025-06-05 15:00:07.073535,0.43
P0033,2025-07-02 15:00:07.073558,0.95
P0033,2025-06-21 15:00:07.073570,0.4
P0033,2025-06-28 15:00:07.073582,0.94
P0033,2025-05-28 15:00:07.073594,0.25
P0033,2025-06-30 15:00:07.073605,0.3
P0033,2025-06-28 15:00:07.073617,0.22
P0033,2025-07-10 15:00:07.073632,0.71
P0033,2025-06-01 15:00:07.073644,0.33
P0033,2025-06-23 15:00:07.073656,0.46
P0033,2025-06-05 15:00:07.073667,0.61
P0033,2025-07-05 15:00:07.073678,0.26
P0033,2025-06-07 15:00:07.073691,0.34
P0033,2025-05-29 15:00:07.073703,0.35
P0033,2025-07-06 15:00:07.073718,0.36
P0033,2025-06-09 15:00:07.073738,0.54
P0033,2025-05-22 15:00:07.073760,0.42
P0033,2025-06-13 15:00:07.073774,0.4
P0034,2025-06-19 15:00:07.073787,0.81
P0034,2025-05-27 15:00:07.073798,0.56
P0034,2025-06-04 15:00:07.073810,0.96
P0034,2025-06-27 15:00:07.073826,0.27
P0034,2025-06-08 15:00:07.073838,0.6
P0034,2025-06-17 15:00:07.073852,0.33
P0034,2025-06-18 15:00:07.073864,0.7
P0034,2025-05-20 15:00:07.073880,0.53
P0034,2025-05-23 15:00:07.073892,0.53
P0034,2025-07-03 15:00:07.073904,0.76
P0034,2025-06-21 15:00:07.073916,0.76
P0034,2025-05-26 15:00:07.073928,0.11
P0034,2025-05-12 15:00:07.073940,0.18
P0034,2025-06-12 15:00:07.073954,0.83
P0034,2025-05-26 15:00:07.073983,0.75
P0034,2025-06-10 15:00:07.073996,0.87
P0034,2025-05-15 15:00:07.074007,0.38
P0034,2025-05-13 15:00:07.074019,0.91
P0034,2025-06-12 15:00:07.074031,0.21
P0034,2025-05-20 15:00:07.074043,0.27
P0034,2025-05-13 15:00:07.074054,0.96
P0034,2025-05-25 15:00:07.074066,0.26
P0034,2025-05-26 15:00:07.074078,0.74
P0034,2025-05-17 15:00:07.074144,0.68
P0034,2025-05-18 15:00:07.074159,0.7
P0034,2025-05-31 15:00:07.074171,0.72
P0034,2025-06-13 15:00:07.074183,0.37
P0034,2025-05-17 15:00:07.074194,0.11
P0034,2025-06-16 15:00:07.074206,0.59
P0034,2025-06-26 15:00:07.074218,0.26
P0035,2025-06-30 15:00:07.074232,0.75
P0035,2025-06-04 15:00:07.074254,0.94
P0035,2025-06-11 15:00:07.074274,0.89
P0035,2025-07-08 15:00:07.074293,0.91
P0035,2025-06-16 15:00:07.074315,0.57
P0035,2025-06-12 15:00:07.074333,0.93
P0035,2025-05-19 15:00:07.074345,0.69
P0035,2025-06-22 15:00:07.074360,0.66
P0035,2025-05-25 15:00:07.074372,0.87
P0035,2025-06-30 15:00:07.074384,0.21
P0035,2025-05-23 15:00:07.074395,0.72
P0035,2025-06-06 15:00:07.074407,0.12
P0035,2025-06-28 15:00:07.074419,0.46
P0035,2025-06-05 15:00:07.074431,0.98
P0035,2025-06-09 15:00:07.074445,0.84
P0035,2025-06-17 15:00:07.074465,0.76
P0035,2025-05-16 15:00:07.074486,0.65
P0035,2025-05-20 15:00:07.074498,0.21
P0035,2025-06-09 15:00:07.074510,0.74
P0035,2025-06-01 15:00:07.074522,0.85
P0035,2025-06-20 15:00:07.074541,0.29
P0035,2025-07-08 15:00:07.074568,0.74
P0035,2025-05-28 15:00:07.074580,0.25
P0035,2025-05-24 15:00:07.074597,0.43
P0035,2025-05-31 15:00:07.074610,0.45
P0035,2025-06-16 15:00:07.074621,0.75
P0035,2025-05-28 15:00:07.074633,0.45
P0035,2025-05-25 15:00:07.074645,0.57
P0035,2025-05-19 15:00:07.074656,0.87
P0035,2025-06-10 15:00:07.074668,0.72
P0036,2025-07-04 15:00:07.074680,0.13
P0036,2025-07-10 15:00:07.074692,0.1
P0036,2025-06-25 15:00:07.074704,0.14
P0036,2025-06-30 15:00:07.074716,0.38
P0036,2025-07-01 15:00:07.074728,0.95
P0036,2025-07-09 15:00:07.074739,0.26
P0036,2025-06-01 15:00:07.074751,0.64
P0036,2025-07-11 15:00:07.074763,0.14
P0036,2025-07-05 15:00:07.074775,0.41
P0036,2025-06-20 15:00:07.074801,0.93
P0036,2025-05-16 15:00:07.074821,0.98
P0036,2025-06-09 15:00:07.074842,0.88
P0036,2025-07-05 15:00:07.074854,0.16
P0036,2025-06-05 15:00:07.074866,0.42
P0036,2025-07-09 15:00:07.074878,0.22
P0036,2025-05-23 15:00:07.074889,0.61
P0036,2025-05-26 15:00:07.074901,0.46
P0036,2025-06-30 15:00:07.074913,0.23
P0036,2025-06-05 15:00:07.074925,0.42
P0036,2025-05-19 15:00:07.074937,0.69
P0036,2025-06-14 15:00:07.074948,0.42
P0036,2025-06-04 15:00:07.074965,0.9
P0036,2025-06-20 15:00:07.074979,0.22
P0036,2025-06-18 15:00:07.074991,0.62
P0036,2025-06-07 15:00:07.075003,0.8
P0036,2025-06-11 15:00:07.075019,0.56
P0036,2025-05-26 15:00:07.075039,0.71
P0036,2025-06-19 15:00:07.075056,0.61
P0036,2025-06-14 15:00:07.075067,0.38
P0036,2025-06-19 15:00:07.075079,0.96
P0037,2025-06-28 15:00:07.075091,0.31
P0037,2025-07-01 15:00:07.075103,0.96
P0037,2025-05-31 15:00:07.075115,0.27
P0037,2025-06-23 15:00:07.075126,0.21
P0037,2025-06-06 15:00:07.075138,0.76
P0037,2025-07-05 15:00:07.075150,0.78
P0037,2025-06-25 15:00:07.075162,0.87
P0037,2025-05-24 15:00:07.075174,0.34
P0037,2025-05-19 15:00:07.075191,0.52
P0037,2025-07-04 15:00:07.075215,0.52
P0037,2025-05-22 15:00:07.075227,0.68
P0037,2025-05-22 15:00:07.075240,0.6
P0037,2025-06-17 15:00:07.075252,0.17
P0037,2025-06-30 15:00:07.075264,0.6
P0037,2025-05-30 15:00:07.075275,0.39
P0037,2025-06-07 15:00:07.075287,0.38
P0037,2025-07-09 15:00:07.075299,0.86
P0037,2025-06-10 15:00:07.075314,0.53
P0037,2025-05-22 15:00:07.075333,0.29
P0037,2025-06-07 15:00:07.075366,0.5
P0037,2025-06-08 15:00:07.075387,0.79
P0037,2025-06-04 15:00:07.075408,0.81
P0037,2025-06-08 15:00:07.075425,0.21
P0037,2025-05-17 15:00:07.075438,0.79
P0037,2025-05-12 15:00:07.075451,0.15
P0037,2025-07-10 15:00:07.075470,0.88
P0037,2025-06-03 15:00:07.075490,0.16
P0037,2025-05-13 15:00:07.075527,0.3
P0037,2025-05-18 15:00:07.075548,0.9
P0037,2025-06-14 15:00:07.075568,0.21
P0038,2025-07-01 15:00:07.075586,0.69
P0038,2025-05-30 15:00:07.075598,0.34
P0038,2025-06-06 15:00:07.075617,0.22
P0038,2025-07-01 15:00:07.075637,0.35
P0038,2025-06-22 15:00:07.075658,0.46
P0038,2025-06-23 15:00:07.075691,0.71
P0038,2025-07-10 15:00:07.075704,0.43
P0038,2025-05-24 15:00:07.075716,0.29
P0038,2025-07-04 15:00:07.075728,0.4
P0038,2025-07-07 15:00:07.075740,0.62
P0038,2025-05-23 15:00:07.075751,0.57
P0038,2025-06-02 15:00:07.075763,0.52
P0038,2025-05-29 15:00:07.075774,0.45
P0038,2025-07-03 15:00:07.075788,0.17
P0038,2025-05-30 15:00:07.075800,0.14
P0038,2025-06-16 15:00:07.075815,0.24
P0038,2025-05-24 15:00:07.075828,0.73
P0038,2025-06-13 15:00:07.075840,0.66
P0038,2025-06-25 15:00:07.075851,0.6
P0038,2025-05-20 15:00:07.075863,0.25
P0038,2025-06-06 15:00:07.075875,0.4
P0038,2025-06-27 15:00:07.075894,0.79
P0038,2025-07-06 15:00:07.075913,0.69
P0038,2025-06-21 15:00:07.075945,0.96
P0038,2025-05-13 15:00:07.075958,0.59
P0038,2025-05-26 15:00:07.075970,0.23
P0038,2025-05-24 15:00:07.075984,0.22
P0038,2025-05-26 15:00:07.075996,0.86
P0038,2025-05-12 15:00:07.076009,0.48
P0038,2025-07-11 15:00:07.076025,0.87
P0039,2025-05-28 15:00:07.076039,0.73
P0039,2025-06-21 15:00:07.076059,0.43
P0039,2025-05-28 15:00:07.076076,0.55
P0039,2025-06-08 15:00:07.076087,0.65
P0039,2025-06-05 15:00:07.076108,0.18
P0039,2025-06-24 15:00:07.076123,0.7
P0039,2025-05-28 15:00:07.076135,0.2
P0039,2025-05-16 15:00:07.076146,0.44
P0039,2025-05-28 15:00:07.076158,0.12
P0039,2025-05-28 15:00:07.076170,0.62
P0039,2025-05-29 15:00:07.076181,0.33
P0039,2025-06-27 15:00:07.076193,0.86
P0039,2025-07-09 15:00:07.076205,0.23
P0039,2025-06-15 15:00:07.076218,0.15
P0039,2025-06-19 15:00:07.076229,0.68
P0039,2025-06-03 15:00:07.076243,0.64
P0039,2025-05-18 15:00:07.076255,0.36
P0039,2025-06-22 15:00:07.076279,0.73
P0039,2025-05-18 15:00:07.076294,0.83
P0039,2025-06-27 15:00:07.076305,0.4
P0039,2025-06-07 15:00:07.076317,0.6
P0039,2025-07-07 15:00:07.076329,0.54
P0039,2025-06-19 15:00:07.076341,0.48
P0039,2025-06-16 15:00:07.076352,0.77
P0039,2025-06-14 15:00:07.076364,0.97
P0039,2025-06-03 15:00:07.076375,0.51
P0039,2025-05-18 15:00:07.076387,0.5
P0039,2025-06-20 15:00:07.076406,0.81
P0039,2025-05-17 15:00:07.076426,0.86
P0039,2025-05-17 15:00:07.076440,0.16
P0040,2025-05-22 15:00:07.076452,0.44
P0040,2025-06-25 15:00:07.076476,0.92
P0040,2025-05-29 15:00:07.076501,0.36
P0040,2025-06-16 15:00:07.076513,0.4
P0040,2025-07-06 15:00:07.076525,0.72
P0040,2025-07-01 15:00:07.076538,0.69
P0040,2025-05-23 15:00:07.076557,0.32
P0040,2025-05-27 15:00:07.076577,0.31
P0040,2025-06-06 15:00:07.076604,0.25
P0040,2025-05-12 15:00:07.076629,0.3
P0040,2025-06-10 15:00:07.076646,0.19
P0040,2025-06-26 15:00:07.076658,0.19
P0040,2025-06-23 15:00:07.076670,0.22
P0040,2025-06-25 15:00:07.076687,0.27
P0040,2025-06-17 15:00:07.076706,0.83
P0040,2025-05-20 15:00:07.076723,0.84
P0040,2025-05-14 15:00:07.076756,0.69
P0040,2025-06-01 15:00:07.076771,0.63
P0040,2025-06-20 15:00:07.076782,0.5
P0040,2025-07-05 15:00:07.076794,0.73
P0040,2025-06-07 15:00:07.076806,0.65
P0040,2025-07-01 15:00:07.076818,0.63
P0040,2025-05-14 15:00:07.076829,0.3
P0040,2025-06-06 15:00:07.076840,0.8
P0040,2025-05-14 15:00:07.076852,0.23
P0040,2025-06-12 15:00:07.076864,0.12
P0040,2025-05-13 15:00:07.076875,0.69
P0040,2025-06-27 15:00:07.076887,0.2
P0040,2025-06-16 15:00:07.076899,0.44
P0040,2025-06-07 15:00:07.076911,0.53
P0041,2025-06-07 15:00:07.076925,0.45
P0041,2025-07-03 15:00:07.076936,0.27
P0041,2025-07-03 15:00:07.076950,0.81
P0041,2025-07-06 15:00:07.076975,0.2
P0041,2025-06-02 15:00:07.076995,0.18
P0041,2025-06-26 15:00:07.077021,0.29
P0041,2025-07-07 15:00:07.077033,0.13
P0041,2025-06-21 15:00:07.077044,0.35
P0041,2025-06-10 15:00:07.077056,0.62
P0041,2025-07-02 15:00:07.077068,0.63
P0041,2025-05-20 15:00:07.077079,0.75
P0041,2025-06-25 15:00:07.077091,0.78
P0041,2025-06-20 15:00:07.077103,0.17
P0041,2025-06-09 15:00:07.077122,0.13
P0041,2025-05-30 15:00:07.077142,0.18
P0041,2025-05-24 15:00:07.077164,0.81
P0041,2025-06-05 15:00:07.077176,0.86
P0041,2025-06-13 15:00:07.077188,0.28
P0041,2025-06-20 15:00:07.077199,0.23
P0041,2025-05-22 15:00:07.077213,0.34
P0041,2025-06-10 15:00:07.077229,0.5
P0041,2025-06-29 15:00:07.077248,0.33
P0041,2025-06-06 15:00:07.077267,0.6
P0041,2025-05-12 15:00:07.077284,0.94
P0041,2025-06-19 15:00:07.077296,0.57
P0041,2025-05-13 15:00:07.077307,0.16
P0041,2025-05-23 15:00:07.077319,0.58
P0041,2025-06-24 15:00:07.077331,0.81
P0041,2025-05-30 15:00:07.077349,0.14
P0041,2025-06-27 15:00:07.077372,0.26
P0042,2025-07-10 15:00:07.077385,0.17
P0042,2025-06-17 15:00:07.077396,0.69
P0042,2025-06-27 15:00:07.077408,0.56
P0042,2025-06-28 15:00:07.077419,0.79
P0042,2025-06-29 15:00:07.077433,0.36
P0042,2025-07-11 15:00:07.077450,0.84
P0042,2025-05-22 15:00:07.077462,0.15
P0042,2025-07-04 15:00:07.077479,0.9
P0042,2025-05-21 15:00:07.077500,0.64
P0042,2025-07-07 15:00:07.077522,0.31
P0042,2025-07-01 15:00:07.077534,0.7
P0042,2025-06-13 15:00:07.077554,0.15
P0042,2025-07-09 15:00:07.077579,0.9
P0042,2025-06-18 15:00:07.077598,0.88
P0042,2025-06-24 15:00:07.077610,0.31
P0042,2025-06-29 15:00:07.077639,0.27
P0042,2025-06-15 15:00:07.077660,0.75
P0042,2025-05-12 15:00:07.077680,0.12
P0042,2025-05-15 15:00:07.077699,0.32
P0042,2025-06-27 15:00:07.077711,0.9
P0042,2025-07-03 15:00:07.077723,0.99
P0042,2025-05-31 15:00:07.077737,0.4
P0042,2025-06-26 15:00:07.077749,0.29
P0042,2025-05-27 15:00:07.077771,0.16
P0042,2025-05-20 15:00:07.077789,0.33
P0042,2025-06-30 15:00:07.077809,0.27
P0042,2025-05-25 15:00:07.077830,0.61
P0042,2025-06-06 15:00:07.077842,0.1
P0042,2025-06-12 15:00:07.077853,0.46
P0042,2025-06-09 15:00:07.077865,0.34
P0043,2025-06-30 15:00:07.077877,0.16
P0043,2025-07-05 15:00:07.077889,0.53
P0043,2025-06-24 15:00:07.077901,0.5
P0043,2025-05-25 15:00:07.077913,0.74
P0043,2025-06-04 15:00:07.077926,0.76
P0043,2025-05-28 15:00:07.077938,0.92
P0043,2025-05-21 15:00:07.077950,0.64
P0043,2025-07-09 15:00:07.077961,0.86
P0043,2025-05-14 15:00:07.077973,0.27
P0043,2025-07-04 15:00:07.077985,0.77
P0043,2025-06-09 15:00:07.077997,0.77
P0043,2025-05-16 15:00:07.078008,0.96
P0043,2025-05-30 15:00:07.078020,0.84
P0043,2025-05-22 15:00:07.078032,0.9
P0043,2025-06-01 15:00:07.078044,0.94
P0043,2025-06-09 15:00:07.078056,0.73
P0043,2025-06-16 15:00:07.078067,0.45
P0043,2025-07-03 15:00:07.078084,0.33
P0043,2025-05-28 15:00:07.078106,0.23
P0043,2025-05-20 15:00:07.078118,0.29
P0043,2025-06-27 15:00:07.078130,0.46
P0043,2025-05-14 15:00:07.078141,0.62
P0043,2025-07-06 15:00:07.078156,0.98
P0043,2025-06-07 15:00:07.078187,0.47
P0043,2025-05-29 15:00:07.078209,0.94
P0043,2025-06-02 15:00:07.078222,0.97
P0043,2025-06-19 15:00:07.078234,0.51
P0043,2025-07-04 15:00:07.078245,0.72
P0043,2025-05-21 15:00:07.078257,0.48
P0043,2025-07-09 15:00:07.078269,0.6
P0044,2025-05-23 15:00:07.078281,0.24
P0044,2025-07-09 15:00:07.078293,0.53
P0044,2025-07-01 15:00:07.078305,0.63
P0044,2025-06-09 15:00:07.078316,0.66
P0044,2025-06-02 15:00:07.078328,0.67
P0044,2025-06-04 15:00:07.078340,0.24
P0044,2025-06-15 15:00:07.078351,0.57
P0044,2025-06-01 15:00:07.078363,0.85
P0044,2025-05-28 15:00:07.078375,0.83
P0044,2025-07-02 15:00:07.078387,0.31
P0044,2025-06-02 15:00:07.078398,0.97
P0044,2025-05-14 15:00:07.078412,0.44
P0044,2025-06-28 15:00:07.078431,0.15
P0044,2025-06-11 15:00:07.078446,0.11
P0044,2025-05-20 15:00:07.078457,0.96
P0044,2025-06-15 15:00:07.078469,0.32
P0044,2025-06-15 15:00:07.078481,0.13
P0044,2025-06-05 15:00:07.078493,0.47
P0044,2025-06-13 15:00:07.078505,0.33
P0044,2025-05-12 15:00:07.078516,0.23
P0044,2025-06-24 15:00:07.078528,0.56
P0044,2025-06-28 15:00:07.078540,0.75
P0044,2025-05-17 15:00:07.078556,0.25
P0044,2025-06-05 15:00:07.078575,0.83
P0044,2025-06-29 15:00:07.078596,0.41
P0044,2025-05-19 15:00:07.078609,0.64
P0044,2025-06-19 15:00:07.078628,0.74
P0044,2025-05-26 15:00:07.078659,0.48
P0044,2025-06-07 15:00:07.078672,0.68
P0044,2025-05-19 15:00:07.078684,0.29
P0045,2025-05-31 15:00:07.078696,0.16
P0045,2025-07-09 15:00:07.078712,0.57
P0045,2025-07-11 15:00:07.078731,0.9
P0045,2025-05-25 15:00:07.078758,0.77
P0045,2025-05-29 15:00:07.078778,0.97
P0045,2025-06-28 15:00:07.078801,0.78
P0045,2025-06-12 15:00:07.078822,0.74
P0045,2025-06-23 15:00:07.078840,0.34
P0045,2025-06-05 15:00:07.078853,0.34
P0045,2025-06-07 15:00:07.078869,0.95
P0045,2025-06-09 15:00:07.078892,0.67
P0045,2025-05-26 15:00:07.078908,0.36
P0045,2025-05-28 15:00:07.078920,0.52
P0045,2025-07-06 15:00:07.078932,0.78
P0045,2025-05-12 15:00:07.078946,0.24
P0045,2025-06-30 15:00:07.078958,0.63
P0045,2025-07-05 15:00:07.078970,0.98
P0045,2025-06-02 15:00:07.078982,0.67
P0045,2025-07-05 15:00:07.079003,0.43
P0045,2025-06-21 15:00:07.079015,0.21
P0045,2025-06-07 15:00:07.079027,0.63
P0045,2025-06-04 15:00:07.079039,0.39
P0045,2025-06-21 15:00:07.079051,0.19
P0045,2025-07-10 15:00:07.079062,0.32
P0045,2025-06-27 15:00:07.079074,0.22
P0045,2025-07-05 15:00:07.079086,0.19
P0045,2025-06-25 15:00:07.079098,0.51
P0045,2025-07-11 15:00:07.079111,0.46
P0045,2025-06-30 15:00:07.079123,0.35
P0045,2025-06-02 15:00:07.079135,0.69
P0046,2025-06-30 15:00:07.079147,0.49
P0046,2025-06-23 15:00:07.079159,0.29
P0046,2025-05-19 15:00:07.079179,0.96
P0046,2025-06-14 15:00:07.079197,0.19
P0046,2025-06-03 15:00:07.079209,0.42
P0046,2025-07-03 15:00:07.079221,0.54
P0046,2025-05-30 15:00:07.079232,0.34
P0046,2025-06-14 15:00:07.079246,0.17
P0046,2025-06-09 15:00:07.079265,0.84
P0046,2025-06-25 15:00:07.079286,0.13
P0046,2025-06-11 15:00:07.079305,0.62
P0046,2025-07-11 15:00:07.079317,0.61
P0046,2025-05-28 15:00:07.079328,0.54
P0046,2025-06-19 15:00:07.079346,0.18
P0046,2025-06-01 15:00:07.079374,0.13
P0046,2025-06-21 15:00:07.079393,0.18
P0046,2025-06-12 15:00:07.079410,0.33
P0046,2025-06-19 15:00:07.079428,0.13
P0046,2025-05-25 15:00:07.079447,0.44
P0046,2025-06-15 15:00:07.079471,0.3
P0046,2025-06-29 15:00:07.079484,0.93
P0046,2025-05-28 15:00:07.079509,0.94
P0046,2025-05-15 15:00:07.079524,0.36
P0046,2025-05-13 15:00:07.079536,0.26
P0046,2025-05-25 15:00:07.079548,0.1
P0046,2025-05-13 15:00:07.079560,0.77
P0046,2025-05-14 15:00:07.079571,0.24
P0046,2025-06-14 15:00:07.079583,0.84
P0046,2025-06-21 15:00:07.079595,0.44
P0046,2025-05-26 15:00:07.079609,0.32
P0047,2025-06-29 15:00:07.079621,0.89
P0047,2025-07-03 15:00:07.079643,0.76
P0047,2025-06-19 15:00:07.079665,0.53
P0047,2025-07-10 15:00:07.079678,0.63
P0047,2025-06-21 15:00:07.079692,0.72
P0047,2025-06-17 15:00:07.079712,0.88
P0047,2025-06-21 15:00:07.079738,0.87
P0047,2025-06-12 15:00:07.079750,0.28
P0047,2025-07-08 15:00:07.079761,0.29
P0047,2025-05-26 15:00:07.079773,0.5
P0047,2025-06-14 15:00:07.079784,0.23
P0047,2025-06-13 15:00:07.079799,0.47
P0047,2025-06-15 15:00:07.079822,0.85
P0047,2025-06-26 15:00:07.079839,0.64
P0047,2025-05-19 15:00:07.079852,0.72
P0047,2025-07-04 15:00:07.079875,0.89
P0047,2025-06-12 15:00:07.079895,0.19
P0047,2025-06-10 15:00:07.079914,0.55
P0047,2025-06-25 15:00:07.079926,0.36
P0047,2025-06-15 15:00:07.079946,0.54
P0047,2025-06-12 15:00:07.079965,0.33
P0047,2025-06-13 15:00:07.079977,0.56
P0047,2025-05-12 15:00:07.079989,0.98
P0047,2025-06-22 15:00:07.080000,0.44
P0047,2025-05-18 15:00:07.080012,0.99
P0047,2025-07-04 15:00:07.080027,0.12
P0047,2025-06-25 15:00:07.080039,0.42
P0047,2025-05-23 15:00:07.080051,0.18
P0047,2025-07-08 15:00:07.080063,0.56
P0047,2025-07-02 15:00:07.080075,0.48
P0048,2025-05-22 15:00:07.080087,0.89
P0048,2025-06-04 15:00:07.080100,0.38
P0048,2025-06-26 15:00:07.080112,0.38
P0048,2025-05-26 15:00:07.080128,0.91
P0048,2025-06-23 15:00:07.080140,0.94
P0048,2025-07-11 15:00:07.080152,0.31
P0048,2025-05-25 15:00:07.080163,0.56
P0048,2025-05-19 15:00:07.080176,0.6
P0048,2025-06-01 15:00:07.080187,0.85
P0048,2025-06-30 15:00:07.080199,0.85
P0048,2025-07-02 15:00:07.080211,0.62
P0048,2025-06-10 15:00:07.080222,0.37
P0048,2025-06-10 15:00:07.080237,0.53
P0048,2025-05-16 15:00:07.080266,0.97
P0048,2025-05-12 15:00:07.080279,0.74
P0048,2025-06-06 15:00:07.080290,0.58
P0048,2025-05-31 15:00:07.080302,0.93
P0048,2025-06-03 15:00:07.080314,0.82
P0048,2025-05-16 15:00:07.080328,0.1
P0048,2025-06-03 15:00:07.080350,0.61
P0048,2025-06-03 15:00:07.080369,0.41
P0048,2025-06-03 15:00:07.080394,0.58
P0048,2025-06-01 15:00:07.080406,0.15
P0048,2025-06-17 15:00:07.080418,0.69
P0048,2025-06-13 15:00:07.080431,0.2
P0048,2025-05-15 15:00:07.080448,0.84
P0048,2025-07-07 15:00:07.080460,0.41
P0048,2025-05-25 15:00:07.080472,0.28
P0048,2025-06-19 15:00:07.080484,0.19
P0048,2025-06-07 15:00:07.080496,0.56
P0049,2025-06-14 15:00:07.080508,0.25
P0049,2025-05-12 15:00:07.080520,0.9
P0049,2025-06-13 15:00:07.080531,0.85
P0049,2025-06-29 15:00:07.080544,0.55
P0049,2025-05-16 15:00:07.080556,0.52
P0049,2025-06-29 15:00:07.080569,0.57
P0049,2025-06-23 15:00:07.080588,0.4
P0049,2025-06-24 15:00:07.080604,0.23
P0049,2025-07-10 15:00:07.080616,0.8
P0049,2025-06-25 15:00:07.080628,0.43
P0049,2025-05-28 15:00:07.080640,0.98
P0049,2025-07-08 15:00:07.080652,0.74
P0049,2025-06-15 15:00:07.080663,0.88
P0049,2025-06-18 15:00:07.080675,0.41
P0049,2025-05-22 15:00:07.080687,0.52
P0049,2025-05-20 15:00:07.080698,0.16
P0049,2025-06-20 15:00:07.080715,0.55
P0049,2025-06-13 15:00:07.080736,0.36
P0049,2025-07-10 15:00:07.080759,0.12
P0049,2025-06-30 15:00:07.080774,0.8
P0049,2025-06-24 15:00:07.080795,0.52
P0049,2025-07-06 15:00:07.080816,0.8
P0049,2025-07-11 15:00:07.080827,0.96
P0049,2025-06-26 15:00:07.080839,0.2
P0049,2025-05-19 15:00:07.080851,0.25
P0049,2025-06-01 15:00:07.080863,0.24
P0049,2025-06-15 15:00:07.080882,0.69
P0049,2025-05-15 15:00:07.080903,0.63
P0049,2025-05-13 15:00:07.080918,0.77
P0049,2025-05-24 15:00:07.080937,0.65
P0050,2025-06-26 15:00:07.080959,0.59
P0050,2025-06-19 15:00:07.080976,0.37
P0050,2025-06-13 15:00:07.080988,0.48
P0050,2025-06-24 15:00:07.081000,0.11
P0050,2025-07-03 15:00:07.081015,0.12
P0050,2025-05-25 15:00:07.081038,0.85
P0050,2025-06-14 15:00:07.081050,0.38
P0050,2025-06-03 15:00:07.081062,0.44
P0050,2025-07-06 15:00:07.081074,0.25
P0050,2025-06-20 15:00:07.081085,0.9
P0050,2025-06-15 15:00:07.081097,0.43
P0050,2025-06-30 15:00:07.081109,0.31
P0050,2025-07-04 15:00:07.081120,0.96
P0050,2025-07-09 15:00:07.081132,0.99
P0050,2025-05-21 15:00:07.081144,0.61
P0050,2025-05-13 15:00:07.081155,0.84
P0050,2025-06-10 15:00:07.081167,0.92
P0050,2025-05-22 15:00:07.081179,0.99
P0050,2025-05-16 15:00:07.081191,0.48
P0050,2025-06-04 15:00:07.081203,0.56
P0050,2025-06-21 15:00:07.081215,0.16
P0050,2025-05-25 15:00:07.081232,0.46
P0050,2025-05-29 15:00:07.081244,0.64
P0050,2025-06-17 15:00:07.081256,0.26
P0050,2025-05-12 15:00:07.081268,0.61
P0050,2025-05-24 15:00:07.081279,0.75
P0050,2025-06-19 15:00:07.081291,0.35
P0050,2025-06-20 15:00:07.081306,0.33
P0050,2025-07-06 15:00:07.081343,0.12
P0050,2025-05-18 15:00:07.081361,0.56
P0051,2025-06-13 15:00:07.081374,0.64
P0051,2025-05-31 15:00:07.081386,0.94
P0051,2025-06-29 15:00:07.081398,0.85
P0051,2025-06-30 15:00:07.081417,0.11
P0051,2025-06-23 15:00:07.081437,0.5
P0051,2025-06-21 15:00:07.081453,0.52
P0051,2025-05-25 15:00:07.081464,0.27
P0051,2025-05-30 15:00:07.081478,0.33
P0051,2025-07-07 15:00:07.081490,0.37
P0051,2025-05-28 15:00:07.081501,0.36
P0051,2025-06-25 15:00:07.081513,0.37
P0051,2025-06-22 15:00:07.081524,0.88
P0051,2025-06-01 15:00:07.081536,0.46
P0051,2025-05-19 15:00:07.081548,0.48
P0051,2025-05-22 15:00:07.081560,0.66
P0051,2025-06-23 15:00:07.081571,0.82
P0051,2025-06-27 15:00:07.081583,0.43
P0051,2025-05-26 15:00:07.081595,0.72
P0051,2025-05-12 15:00:07.081608,0.28
P0051,2025-05-27 15:00:07.081620,0.4
P0051,2025-06-04 15:00:07.081633,0.67
P0051,2025-06-30 15:00:07.081647,0.91
P0051,2025-06-27 15:00:07.081668,0.17
P0051,2025-06-18 15:00:07.081685,0.71
P0051,2025-06-26 15:00:07.081697,0.72
P0051,2025-06-14 15:00:07.081710,0.88
P0051,2025-05-12 15:00:07.081721,0.61
P0051,2025-05-20 15:00:07.081733,0.22
P0051,2025-06-17 15:00:07.081745,0.28
P0051,2025-06-23 15:00:07.081757,0.78
P0052,2025-06-13 15:00:07.081769,0.31
P0052,2025-07-01 15:00:07.081781,0.94
P0052,2025-05-12 15:00:07.081800,0.55
P0052,2025-05-20 15:00:07.081820,0.48
P0052,2025-06-16 15:00:07.081839,0.32
P0052,2025-06-17 15:00:07.081857,0.2
P0052,2025-05-29 15:00:07.081878,0.53
P0052,2025-05-12 15:00:07.081897,0.23
P0052,2025-06-19 15:00:07.081909,0.4
P0052,2025-06-03 15:00:07.081923,0.26
P0052,2025-06-24 15:00:07.081935,0.62
P0052,2025-07-09 15:00:07.081947,0.55
P0052,2025-06-13 15:00:07.081958,0.6
P0052,2025-05-17 15:00:07.081970,0.31
P0052,2025-05-17 15:00:07.081991,0.3
P0052,2025-07-08 15:00:07.082011,1.0
P0052,2025-05-25 15:00:07.082030,0.65
P0052,2025-06-11 15:00:07.082050,0.32
P0052,2025-07-05 15:00:07.082062,0.24
P0052,2025-06-08 15:00:07.082074,0.65
P0052,2025-05-20 15:00:07.082094,0.37
P0052,2025-05-15 15:00:07.082117,0.89
P0052,2025-07-04 15:00:07.082138,0.52
P0052,2025-06-22 15:00:07.082150,0.22
P0052,2025-05-14 15:00:07.082162,0.27
P0052,2025-05-25 15:00:07.082179,0.45
P0052,2025-05-17 15:00:07.082191,0.28
P0052,2025-06-20 15:00:07.082203,0.25
P0052,2025-05-13 15:00:07.082215,0.52
P0052,2025-06-07 15:00:07.082227,0.72
P0053,2025-06-26 15:00:07.082239,0.99
P0053,2025-06-17 15:00:07.082251,0.28
P0053,2025-05-29 15:00:07.082263,0.29
P0053,2025-07-09 15:00:07.082278,0.43
P0053,2025-05-26 15:00:07.082290,0.84
P0053,2025-05-27 15:00:07.082302,0.79
P0053,2025-06-17 15:00:07.082314,0.15
P0053,2025-07-05 15:00:07.082325,0.68
P0053,2025-06-16 15:00:07.082337,0.55
P0053,2025-05-30 15:00:07.082349,0.51
P0053,2025-05-16 15:00:07.082361,0.41
P0053,2025-05-25 15:00:07.082374,0.51
P0053,2025-05-26 15:00:07.082386,0.28
P0053,2025-05-30 15:00:07.082398,0.28
P0053,2025-06-13 15:00:07.082411,0.94
P0053,2025-05-17 15:00:07.082422,0.29
P0053,2025-06-25 15:00:07.082442,0.81
P0053,2025-06-22 15:00:07.082462,0.88
P0053,2025-06-12 15:00:07.082720,0.94
P0053,2025-05-26 15:00:07.082752,0.93
P0053,2025-05-28 15:00:07.082776,0.14
P0053,2025-07-02 15:00:07.082799,0.48
P0053,2025-06-30 15:00:07.082821,0.69
P0053,2025-07-05 15:00:07.082857,0.12
P0053,2025-05-30 15:00:07.082888,0.16
P0053,2025-06-22 15:00:07.082912,0.18
P0053,2025-05-25 15:00:07.082934,0.48
P0053,2025-06-18 15:00:07.082962,0.29
P0053,2025-06-29 15:00:07.082984,0.6
P0053,2025-07-03 15:00:07.083005,0.7
P0054,2025-05-15 15:00:07.083030,0.12
P0054,2025-06-05 15:00:07.083051,0.79
P0054,2025-06-29 15:00:07.083072,0.9
P0054,2025-06-11 15:00:07.083093,0.8
P0054,2025-06-06 15:00:07.083115,0.88
P0054,2025-05-13 15:00:07.083150,0.18
P0054,2025-06-28 15:00:07.083174,0.11
P0054,2025-06-26 15:00:07.083197,0.65
P0054,2025-06-02 15:00:07.083219,0.53
P0054,2025-06-29 15:00:07.083240,0.68
P0054,2025-06-22 15:00:07.083261,0.18
P0054,2025-05-14 15:00:07.083283,0.53
P0054,2025-07-10 15:00:07.083318,0.13
P0054,2025-05-16 15:00:07.083343,0.36
P0054,2025-07-11 15:00:07.083489,0.25
P0054,2025-07-07 15:00:07.083516,0.94
P0054,2025-06-21 15:00:07.083537,0.34
P0054,2025-05-24 15:00:07.083559,1.0
P0054,2025-05-16 15:00:07.083580,0.23
P0054,2025-05-18 15:00:07.083602,0.79
P0054,2025-06-29 15:00:07.083623,0.23
P0054,2025-07-01 15:00:07.083645,0.98
P0054,2025-06-01 15:00:07.083666,0.81
P0054,2025-05-13 15:00:07.083687,0.28
P0054,2025-06-30 15:00:07.083709,0.26
P0054,2025-05-31 15:00:07.083730,0.8
P0054,2025-06-22 15:00:07.083751,0.76
P0054,2025-05-29 15:00:07.083773,0.39
P0054,2025-05-23 15:00:07.083794,0.73
P0054,2025-07-03 15:00:07.083825,0.15
P0055,2025-05-31 15:00:07.083848,0.3
P0055,2025-06-25 15:00:07.083870,0.4
P0055,2025-05-22 15:00:07.083892,0.3
P0055,2025-06-29 15:00:07.083913,0.15
P0055,2025-06-29 15:00:07.083935,0.6
P0055,2025-05-19 15:00:07.083956,0.42
P0055,2025-06-27 15:00:07.083977,0.94
P0055,2025-06-24 15:00:07.084003,0.49
P0055,2025-05-29 15:00:07.084025,0.25
P0055,2025-06-01 15:00:07.084047,0.16
P0055,2025-05-19 15:00:07.084068,0.57
P0055,2025-05-20 15:00:07.084090,0.85
P0055,2025-06-25 15:00:07.084112,0.34
P0055,2025-06-20 15:00:07.084134,0.79
P0055,2025-06-29 15:00:07.084159,0.29
P0055,2025-05-26 15:00:07.084183,0.83
P0055,2025-05-13 15:00:07.084205,0.57
P0055,2025-06-04 15:00:07.084231,0.5
P0055,2025-06-20 15:00:07.084257,0.31
P0055,2025-05-29 15:00:07.084279,0.69
P0055,2025-05-23 15:00:07.084301,0.64
P0055,2025-06-28 15:00:07.084322,0.26
P0055,2025-06-25 15:00:07.084344,0.24
P0055,2025-05-29 15:00:07.084365,0.36
P0055,2025-06-04 15:00:07.084387,0.28
P0055,2025-05-13 15:00:07.084409,0.39
P0055,2025-05-22 15:00:07.084431,0.56
P0055,2025-06-03 15:00:07.084453,0.63
P0055,2025-06-09 15:00:07.084477,0.63
P0055,2025-05-31 15:00:07.084499,0.34
P0056,2025-05-20 15:00:07.084522,0.43
P0056,2025-07-07 15:00:07.084549,0.4
P0056,2025-05-19 15:00:07.084571,0.27
P0056,2025-05-25 15:00:07.084592,0.6
P0056,2025-05-28 15:00:07.084613,0.12
P0056,2025-07-07 15:00:07.084635,0.23
P0056,2025-06-06 15:00:07.084657,0.44
P0056,2025-06-28 15:00:07.084679,0.17
P0056,2025-06-05 15:00:07.084701,0.75
P0056,2025-06-05 15:00:07.084723,0.97
P0056,2025-07-05 15:00:07.084745,0.99
P0056,2025-06-18 15:00:07.084767,0.7
P0056,2025-06-15 15:00:07.084789,0.2
P0056,2025-05-15 15:00:07.084810,0.66
P0056,2025-06-22 15:00:07.084832,0.67
P0056,2025-06-06 15:00:07.084854,0.98
P0056,2025-06-18 15:00:07.084876,0.65
P0056,2025-06-07 15:00:07.084900,0.58
P0056,2025-06-22 15:00:07.084922,0.51
P0056,2025-07-11 15:00:07.084948,0.54
P0056,2025-06-08 15:00:07.084970,0.54
P0056,2025-06-03 15:00:07.084991,0.11
P0056,2025-06-25 15:00:07.085013,0.34
P0056,2025-06-07 15:00:07.085035,0.93
P0056,2025-06-25 15:00:07.085056,0.66
P0056,2025-06-03 15:00:07.085077,0.53
P0056,2025-06-23 15:00:07.085099,0.12
P0056,2025-06-15 15:00:07.085121,0.31
P0056,2025-05-16 15:00:07.085143,0.92
P0056,2025-05-17 15:00:07.085165,0.39
P0057,2025-07-07 15:00:07.085187,0.15
P0057,2025-07-10 15:00:07.085209,0.51
P0057,2025-05-26 15:00:07.085231,0.26
P0057,2025-05-30 15:00:07.085258,0.23
P0057,2025-05-24 15:00:07.085279,0.55
P0057,2025-07-08 15:00:07.085300,0.12
P0057,2025-06-06 15:00:07.085321,0.37
P0057,2025-05-25 15:00:07.085343,0.96
P0057,2025-06-26 15:00:07.085364,0.53
P0057,2025-06-15 15:00:07.085386,0.29
P0057,2025-05-20 15:00:07.085408,0.42
P0057,2025-06-15 15:00:07.085433,0.15
P0057,2025-05-26 15:00:07.085456,0.3
P0057,2025-06-17 15:00:07.085478,0.91
P0057,2025-06-17 15:00:07.085499,0.3
P0057,2025-06-03 15:00:07.085520,0.71
P0057,2025-06-12 15:00:07.085542,0.27
P0057,2025-06-16 15:00:07.085563,0.65
P0057,2025-05-23 15:00:07.085584,0.18
P0057,2025-06-25 15:00:07.085608,0.31
P0057,2025-06-10 15:00:07.085629,0.35
P0057,2025-05-28 15:00:07.085652,0.97
P0057,2025-05-26 15:00:07.085674,0.67
P0057,2025-06-04 15:00:07.085696,0.99
P0057,2025-06-01 15:00:07.085718,0.47
P0057,2025-06-30 15:00:07.085741,0.85
P0057,2025-05-25 15:00:07.085761,0.22
P0057,2025-07-03 15:00:07.085783,0.54
P0057,2025-06-15 15:00:07.085804,0.99
P0057,2025-06-02 15:00:07.085827,0.75
P0058,2025-06-04 15:00:07.085849,0.13
P0058,2025-05-14 15:00:07.085871,0.16
P0058,2025-07-08 15:00:07.085942,0.97
P0058,2025-05-27 15:00:07.085966,0.12
P0058,2025-07-05 15:00:07.085988,0.34
P0058,2025-07-07 15:00:07.086016,0.1
P0058,2025-06-05 15:00:07.086037,0.93
P0058,2025-05-28 15:00:07.086065,0.67
P0058,2025-05-31 15:00:07.086087,0.19
P0058,2025-05-15 15:00:07.086108,0.93
P0058,2025-06-17 15:00:07.086129,0.29
P0058,2025-07-10 15:00:07.086150,0.73
P0058,2025-07-06 15:00:07.086172,0.97
P0058,2025-05-28 15:00:07.086194,0.77
P0058,2025-06-24 15:00:07.086215,0.6
P0058,2025-05-12 15:00:07.086236,0.28
P0058,2025-05-13 15:00:07.086258,0.1
P0058,2025-06-17 15:00:07.086279,0.25
P0058,2025-06-19 15:00:07.086300,0.37
P0058,2025-06-25 15:00:07.086322,0.61
P0058,2025-06-20 15:00:07.086344,0.83
P0058,2025-06-28 15:00:07.086370,0.89
P0058,2025-06-16 15:00:07.086391,0.92
P0058,2025-05-29 15:00:07.086413,0.65
P0058,2025-06-16 15:00:07.086436,0.38
P0058,2025-06-04 15:00:07.086459,0.6
P0058,2025-06-15 15:00:07.086480,0.88
P0058,2025-05-28 15:00:07.086502,0.4
P0058,2025-05-31 15:00:07.086524,0.86
P0058,2025-06-30 15:00:07.086546,0.57
P0059,2025-07-03 15:00:07.086568,0.41
P0059,2025-07-02 15:00:07.086591,0.86
P0059,2025-06-17 15:00:07.086612,0.42
P0059,2025-06-29 15:00:07.086634,0.9
P0059,2025-07-08 15:00:07.086655,0.64
P0059,2025-06-20 15:00:07.086676,0.41
P0059,2025-06-08 15:00:07.086697,0.53
P0059,2025-06-04 15:00:07.086724,0.9
P0059,2025-06-13 15:00:07.086747,0.42
P0059,2025-06-29 15:00:07.086773,0.87
P0059,2025-06-29 15:00:07.086795,0.86
P0059,2025-06-03 15:00:07.086816,0.21
P0059,2025-06-19 15:00:07.086838,0.35
P0059,2025-05-12 15:00:07.086859,0.14
P0059,2025-06-16 15:00:07.086886,0.46
P0059,2025-06-13 15:00:07.086908,0.35
P0059,2025-06-18 15:00:07.086929,0.54
P0059,2025-07-03 15:00:07.086951,0.87
P0059,2025-05-29 15:00:07.086973,0.81
P0059,2025-06-06 15:00:07.086994,0.83
P0059,2025-06-21 15:00:07.087015,0.86
P0059,2025-06-29 15:00:07.087037,0.39
P0059,2025-06-16 15:00:07.087059,0.29
P0059,2025-06-23 15:00:07.087082,0.55
P0059,2025-07-01 15:00:07.087103,0.58
P0059,2025-06-18 15:00:07.087129,0.58
P0059,2025-05-31 15:00:07.087152,0.43
P0059,2025-07-03 15:00:07.087175,0.28
P0059,2025-06-05 15:00:07.087196,0.14
P0059,2025-05-21 15:00:07.087217,0.3
P0060,2025-06-08 15:00:07.087242,0.67
P0060,2025-06-21 15:00:07.087264,0.52
P0060,2025-06-08 15:00:07.087285,0.23
P0060,2025-05-14 15:00:07.087306,0.34
P0060,2025-07-06 15:00:07.087328,0.93
P0060,2025-07-07 15:00:07.087349,0.36
P0060,2025-06-25 15:00:07.087386,0.37
P0060,2025-06-16 15:00:07.087408,0.34
P0060,2025-05-18 15:00:07.087429,0.97
P0060,2025-05-16 15:00:07.087460,0.11
P0060,2025-06-12 15:00:07.087482,0.27
P0060,2025-06-28 15:00:07.087504,0.91
P0060,2025-05-31 15:00:07.087526,0.48
P0060,2025-06-18 15:00:07.087547,0.83
P0060,2025-06-16 15:00:07.087568,0.42
P0060,2025-05-30 15:00:07.087590,0.24
P0060,2025-06-20 15:00:07.087611,0.93
P0060,2025-06-05 15:00:07.087633,0.27
P0060,2025-06-22 15:00:07.087654,0.58
P0060,2025-05-27 15:00:07.087698,0.48
P0060,2025-06-06 15:00:07.087721,0.99
P0060,2025-06-06 15:00:07.087743,0.83
P0060,2025-07-04 15:00:07.087765,0.5
P0060,2025-05-21 15:00:07.087786,0.22
P0060,2025-06-25 15:00:07.087807,0.44
P0060,2025-05-26 15:00:07.087831,0.77
P0060,2025-06-06 15:00:07.087853,0.88
P0060,2025-06-16 15:00:07.088012,0.88
P0060,2025-06-20 15:00:07.088038,0.38
P0060,2025-05-21 15:00:07.088059,0.45
P0061,2025-06-20 15:00:07.088082,0.35
P0061,2025-05-15 15:00:07.088104,0.81
P0061,2025-05-22 15:00:07.088125,0.45
P0061,2025-06-18 15:00:07.088146,0.13
P0061,2025-05-17 15:00:07.088167,0.31
P0061,2025-06-26 15:00:07.088189,0.45
P0061,2025-06-30 15:00:07.088210,0.39
P0061,2025-07-07 15:00:07.088232,0.65
P0061,2025-05-22 15:00:07.088252,0.76
P0061,2025-06-11 15:00:07.088274,0.89
P0061,2025-06-23 15:00:07.088296,0.96
P0061,2025-07-04 15:00:07.088322,0.34
P0061,2025-06-05 15:00:07.088345,0.94
P0061,2025-06-29 15:00:07.088371,0.38
P0061,2025-06-21 15:00:07.088393,0.18
P0061,2025-05-26 15:00:07.088414,0.87
P0061,2025-05-12 15:00:07.088435,0.15
P0061,2025-07-10 15:00:07.088457,0.28
P0061,2025-06-09 15:00:07.088478,0.28
P0061,2025-07-08 15:00:07.088499,0.66
P0061,2025-07-08 15:00:07.088520,0.3
P0061,2025-05-27 15:00:07.088541,0.79
P0061,2025-05-18 15:00:07.088562,0.61
P0061,2025-06-06 15:00:07.088583,0.44
P0061,2025-06-08 15:00:07.088604,0.79
P0061,2025-06-27 15:00:07.088626,0.69
P0061,2025-06-13 15:00:07.088647,0.5
P0061,2025-06-25 15:00:07.088670,0.92
P0061,2025-05-16 15:00:07.088692,0.35
P0061,2025-06-07 15:00:07.088715,0.9
P0062,2025-06-15 15:00:07.088737,0.38
P0062,2025-05-18 15:00:07.088758,0.33
P0062,2025-06-29 15:00:07.088780,0.75
P0062,2025-05-20 15:00:07.088802,0.55
P0062,2025-07-11 15:00:07.088828,0.52
P0062,2025-05-16 15:00:07.088850,0.55
P0062,2025-05-26 15:00:07.088871,0.34
P0062,2025-06-05 15:00:07.088893,0.92
P0062,2025-06-11 15:00:07.088917,0.52
P0062,2025-06-15 15:00:07.088944,0.57
P0062,2025-06-10 15:00:07.088966,0.77
P0062,2025-07-09 15:00:07.088987,0.82
P0062,2025-07-06 15:00:07.089008,0.8
P0062,2025-06-18 15:00:07.089029,0.94
P0062,2025-05-29 15:00:07.089051,0.58
P0062,2025-07-10 15:00:07.089073,0.27
P0062,2025-05-21 15:00:07.089095,0.99
P0062,2025-06-05 15:00:07.089116,0.32
P0062,2025-06-05 15:00:07.089137,0.46
P0062,2025-05-27 15:00:07.089158,0.54
P0062,2025-05-16 15:00:07.089179,0.5
P0062,2025-07-01 15:00:07.089200,0.23
P0062,2025-06-20 15:00:07.089222,0.64
P0062,2025-05-24 15:00:07.089242,0.42
P0062,2025-06-14 15:00:07.089264,0.31
P0062,2025-06-15 15:00:07.089285,0.56
P0062,2025-05-27 15:00:07.089307,0.16
P0062,2025-06-17 15:00:07.089328,0.57
P0062,2025-05-21 15:00:07.089349,0.75
P0062,2025-05-21 15:00:07.089373,0.81
P0063,2025-06-29 15:00:07.089396,0.44
P0063,2025-05-28 15:00:07.089418,0.71
P0063,2025-05-16 15:00:07.089441,0.39
P0063,2025-05-30 15:00:07.089462,0.97
P0063,2025-05-31 15:00:07.089483,0.81
P0063,2025-05-18 15:00:07.089504,0.33
P0063,2025-05-25 15:00:07.089525,0.34
P0063,2025-06-17 15:00:07.089563,0.3
P0063,2025-06-09 15:00:07.089584,0.54
P0063,2025-05-27 15:00:07.089605,0.49
P0063,2025-06-10 15:00:07.089626,0.6
P0063,2025-06-09 15:00:07.089647,0.57
P0063,2025-06-10 15:00:07.089669,0.34
P0063,2025-07-05 15:00:07.089689,0.88
P0063,2025-07-02 15:00:07.089710,0.58
P0063,2025-05-29 15:00:07.089736,0.91
P0063,2025-06-13 15:00:07.089758,0.89
P0063,2025-06-04 15:00:07.089784,0.24
P0063,2025-06-07 15:00:07.089805,0.69
P0063,2025-07-01 15:00:07.089827,0.28
P0063,2025-06-05 15:00:07.089848,0.37
P0063,2025-06-17 15:00:07.089869,0.85
P0063,2025-05-16 15:00:07.089891,0.24
P0063,2025-07-04 15:00:07.089912,0.91
P0063,2025-06-12 15:00:07.089934,0.47
P0063,2025-06-30 15:00:07.089954,0.41
P0063,2025-06-10 15:00:07.089976,0.21
P0063,2025-06-24 15:00:07.089997,0.33
P0063,2025-07-08 15:00:07.090019,0.93
P0063,2025-06-06 15:00:07.090039,0.17
P0064,2025-06-20 15:00:07.090062,0.5
P0064,2025-05-26 15:00:07.090096,0.87
P0064,2025-05-14 15:00:07.090119,0.99
P0064,2025-06-03 15:00:07.090147,0.78
P0064,2025-06-05 15:00:07.090169,0.16
P0064,2025-06-06 15:00:07.090191,0.86
P0064,2025-06-09 15:00:07.090213,0.83
P0064,2025-05-20 15:00:07.090237,0.83
P0064,2025-06-21 15:00:07.090261,0.86
P0064,2025-06-24 15:00:07.090282,0.58
P0064,2025-06-16 15:00:07.090303,0.99
P0064,2025-06-06 15:00:07.090325,0.98
P0064,2025-05-22 15:00:07.090346,0.4
P0064,2025-07-11 15:00:07.090367,0.17
P0064,2025-05-21 15:00:07.090388,0.87
P0064,2025-06-16 15:00:07.090410,0.43
P0064,2025-06-23 15:00:07.090430,0.86
P0064,2025-06-06 15:00:07.090457,0.51
P0064,2025-06-19 15:00:07.090479,0.97
P0064,2025-06-23 15:00:07.090500,0.29
P0064,2025-06-15 15:00:07.090521,0.38
P0064,2025-07-05 15:00:07.090543,0.18
P0064,2025-05-13 15:00:07.090564,0.32
P0064,2025-06-02 15:00:07.090586,0.53
P0064,2025-05-16 15:00:07.090608,0.16
P0064,2025-06-14 15:00:07.090629,0.48
P0064,2025-07-05 15:00:07.090651,0.62
P0064,2025-06-01 15:00:07.090672,0.1
P0064,2025-07-11 15:00:07.090693,0.69
P0064,2025-05-23 15:00:07.090714,0.32
P0065,2025-06-02 15:00:07.090736,0.66
P0065,2025-06-19 15:00:07.090758,0.53
P0065,2025-06-28 15:00:07.090779,0.38
P0065,2025-06-29 15:00:07.090803,0.13
P0065,2025-05-31 15:00:07.090825,0.56
P0065,2025-06-01 15:00:07.090852,0.29
P0065,2025-06-30 15:00:07.090873,0.77
P0065,2025-05-12 15:00:07.090894,0.86
P0065,2025-07-04 15:00:07.090916,0.89
P0065,2025-06-18 15:00:07.090938,0.48
P0065,2025-06-22 15:00:07.090959,0.88
P0065,2025-07-01 15:00:07.090980,0.97
P0065,2025-06-23 15:00:07.091002,0.15
P0065,2025-05-28 15:00:07.091023,0.35
P0065,2025-07-04 15:00:07.091046,0.21
P0065,2025-06-10 15:00:07.091068,0.75
P0065,2025-06-13 15:00:07.091089,0.68
P0065,2025-07-07 15:00:07.091111,0.11
P0065,2025-06-26 15:00:07.091133,0.42
P0065,2025-07-04 15:00:07.091162,0.96
P0065,2025-06-02 15:00:07.091184,0.9
P0065,2025-07-09 15:00:07.091210,0.31
P0065,2025-06-25 15:00:07.091231,0.73
P0065,2025-06-01 15:00:07.091253,0.18
P0065,2025-06-04 15:00:07.091274,1.0
P0065,2025-05-23 15:00:07.091295,0.24
P0065,2025-07-10 15:00:07.091316,0.84
P0065,2025-06-16 15:00:07.091338,0.43
P0065,2025-05-29 15:00:07.091371,0.96
P0065,2025-06-10 15:00:07.091394,0.37
P0066,2025-05-23 15:00:07.091417,0.4
P0066,2025-05-13 15:00:07.091438,0.22
P0066,2025-07-02 15:00:07.091459,0.88
P0066,2025-06-28 15:00:07.091480,0.31
P0066,2025-05-27 15:00:07.091501,0.12
P0066,2025-06-18 15:00:07.091525,0.63
P0066,2025-05-17 15:00:07.091547,0.26
P0066,2025-07-05 15:00:07.091568,0.59
P0066,2025-06-11 15:00:07.091588,0.65
P0066,2025-06-04 15:00:07.091610,0.49
P0066,2025-06-08 15:00:07.091631,0.47
P0066,2025-06-29 15:00:07.091652,0.49
P0066,2025-06-22 15:00:07.091676,0.36
P0066,2025-05-21 15:00:07.091697,0.93
P0066,2025-06-24 15:00:07.091718,0.24
P0066,2025-06-06 15:00:07.091740,0.85
P0066,2025-05-24 15:00:07.091761,0.87
P0066,2025-06-14 15:00:07.091782,0.29
P0066,2025-05-27 15:00:07.091803,0.94
P0066,2025-07-04 15:00:07.091824,0.29
P0066,2025-07-11 15:00:07.091846,0.2
P0066,2025-06-30 15:00:07.091874,0.44
P0066,2025-06-27 15:00:07.091896,0.25
P0066,2025-06-07 15:00:07.091920,0.18
P0066,2025-07-02 15:00:07.091941,0.9
P0066,2025-06-01 15:00:07.091963,0.68
P0066,2025-07-06 15:00:07.091984,0.9
P0066,2025-06-05 15:00:07.092010,0.18
P0066,2025-05-27 15:00:07.092031,0.42
P0066,2025-05-22 15:00:07.092052,0.47
P0067,2025-06-28 15:00:07.092074,0.1
P0067,2025-06-09 15:00:07.092096,0.68
P0067,2025-05-13 15:00:07.092117,0.64
P0067,2025-05-16 15:00:07.092138,0.43
P0067,2025-06-10 15:00:07.092159,0.55
P0067,2025-05-14 15:00:07.092180,0.81
P0067,2025-06-16 15:00:07.092202,0.93
P0067,2025-05-22 15:00:07.092226,0.62
P0067,2025-06-09 15:00:07.092247,0.8
P0067,2025-06-05 15:00:07.092268,0.83
P0067,2025-06-11 15:00:07.092290,0.23
P0067,2025-06-11 15:00:07.092311,0.75
P0067,2025-05-28 15:00:07.092332,0.22
P0067,2025-07-08 15:00:07.092353,0.8
P0067,2025-06-14 15:00:07.092375,0.63
P0067,2025-06-05 15:00:07.092396,0.81
P0067,2025-07-09 15:00:07.092417,0.28
P0067,2025-06-15 15:00:07.092439,0.12
P0067,2025-06-01 15:00:07.092461,0.7
P0067,2025-07-03 15:00:07.092481,0.95
P0067,2025-06-17 15:00:07.092503,0.78
P0067,2025-06-04 15:00:07.092524,0.53
P0067,2025-05-16 15:00:07.092545,0.87
P0067,2025-07-06 15:00:07.092572,0.36
P0067,2025-07-11 15:00:07.092594,0.4
P0067,2025-06-26 15:00:07.092618,0.99
P0067,2025-05-29 15:00:07.092640,0.89
P0067,2025-07-05 15:00:07.092661,0.37
P0067,2025-05-27 15:00:07.092682,0.91
P0067,2025-06-05 15:00:07.092704,0.54
P0068,2025-05-12 15:00:07.092730,0.53
P0068,2025-05-26 15:00:07.092751,0.76
P0068,2025-05-22 15:00:07.092773,0.13
P0068,2025-06-09 15:00:07.092795,0.57
P0068,2025-05-16 15:00:07.092816,0.6
P0068,2025-06-30 15:00:07.092837,0.48
P0068,2025-07-03 15:00:07.092858,0.65
P0068,2025-06-28 15:00:07.092907,0.39
P0068,2025-06-02 15:00:07.092930,0.13
P0068,2025-07-01 15:00:07.092954,0.89
P0068,2025-07-02 15:00:07.092976,0.94
P0068,2025-06-16 15:00:07.093001,0.82
P0068,2025-07-01 15:00:07.093023,0.97
P0068,2025-07-04 15:00:07.093045,0.66
P0068,2025-06-01 15:00:07.093066,0.57
P0068,2025-05-16 15:00:07.093087,0.73
P0068,2025-05-13 15:00:07.093111,0.97
P0068,2025-05-22 15:00:07.093132,0.86
P0068,2025-05-19 15:00:07.093154,0.3
P0068,2025-06-10 15:00:07.093175,0.89
P0068,2025-06-28 15:00:07.093497,0.66
P0068,2025-07-11 15:00:07.093519,0.94
P0068,2025-05-28 15:00:07.093533,0.92
P0068,2025-06-08 15:00:07.093546,0.66
P0068,2025-05-25 15:00:07.093559,0.46
P0068,2025-06-28 15:00:07.093571,0.72
P0068,2025-05-29 15:00:07.093583,0.84
P0068,2025-06-28 15:00:07.093595,0.42
P0068,2025-06-13 15:00:07.093607,0.34
P0068,2025-05-31 15:00:07.093619,0.74
P0069,2025-05-18 15:00:07.093652,0.19
P0069,2025-07-02 15:00:07.093667,0.26
P0069,2025-06-27 15:00:07.093686,0.56
P0069,2025-06-04 15:00:07.093702,0.83
P0069,2025-07-04 15:00:07.093716,0.31
P0069,2025-06-21 15:00:07.093728,0.32
P0069,2025-05-16 15:00:07.093747,0.17
P0069,2025-06-23 15:00:07.093767,0.9
P0069,2025-07-11 15:00:07.093782,0.36
P0069,2025-06-17 15:00:07.093794,0.27
P0069,2025-06-30 15:00:07.093806,0.99
P0069,2025-06-03 15:00:07.093817,0.35
P0069,2025-06-14 15:00:07.093833,0.43
P0069,2025-06-19 15:00:07.093846,0.37
P0069,2025-05-15 15:00:07.093857,0.5
P0069,2025-06-20 15:00:07.093869,0.49
P0069,2025-07-10 15:00:07.093881,0.34
P0069,2025-06-16 15:00:07.093893,0.2
P0069,2025-06-01 15:00:07.093913,0.53
P0069,2025-06-04 15:00:07.093933,0.19
P0069,2025-05-17 15:00:07.093958,0.28
P0069,2025-06-12 15:00:07.093971,0.86
P0069,2025-05-19 15:00:07.093983,0.7
P0069,2025-06-04 15:00:07.093995,0.28
P0069,2025-05-14 15:00:07.094007,0.93
P0069,2025-07-09 15:00:07.094028,0.57
P0069,2025-07-03 15:00:07.094056,0.71
P0069,2025-05-26 15:00:07.094085,0.79
P0069,2025-06-16 15:00:07.094098,0.89
P0069,2025-07-05 15:00:07.094110,0.47
P0070,2025-05-19 15:00:07.094123,0.96
P0070,2025-07-08 15:00:07.094135,0.27
P0070,2025-05-16 15:00:07.094146,0.58
P0070,2025-06-20 15:00:07.094158,0.49
P0070,2025-06-29 15:00:07.094170,0.97
P0070,2025-06-26 15:00:07.094182,0.85
P0070,2025-06-12 15:00:07.094194,0.33
P0070,2025-05-13 15:00:07.094206,0.34
P0070,2025-05-22 15:00:07.094218,0.53
P0070,2025-06-10 15:00:07.094230,0.63
P0070,2025-06-04 15:00:07.094242,0.33
P0070,2025-06-13 15:00:07.094254,0.71
P0070,2025-06-16 15:00:07.094266,0.86
P0070,2025-06-10 15:00:07.094278,0.84
P0070,2025-06-07 15:00:07.094292,0.64
P0070,2025-07-07 15:00:07.094304,0.3
P0070,2025-05-12 15:00:07.094316,0.29
P0070,2025-07-01 15:00:07.094327,0.47
P0070,2025-06-21 15:00:07.094346,0.14
P0070,2025-06-27 15:00:07.094369,0.32
P0070,2025-07-01 15:00:07.094381,0.2
P0070,2025-05-30 15:00:07.094393,0.87
P0070,2025-06-22 15:00:07.094405,0.32
P0070,2025-07-08 15:00:07.094417,0.26
P0070,2025-07-01 15:00:07.094429,0.23
P0070,2025-07-09 15:00:07.094453,0.8
P0070,2025-06-24 15:00:07.094466,0.29
P0070,2025-05-12 15:00:07.094478,0.45
P0070,2025-05-30 15:00:07.094490,0.22
P0070,2025-07-11 15:00:07.094502,0.34
P0071,2025-05-31 15:00:07.094516,0.24
P0071,2025-07-03 15:00:07.094535,0.88
P0071,2025-06-23 15:00:07.094563,0.99
P0071,2025-05-15 15:00:07.094576,0.17
P0071,2025-06-15 15:00:07.094587,0.44
P0071,2025-06-02 15:00:07.094599,0.31
P0071,2025-07-01 15:00:07.094611,0.65
P0071,2025-06-28 15:00:07.094622,0.57
P0071,2025-07-09 15:00:07.094634,0.37
P0071,2025-05-16 15:00:07.094646,0.18
P0071,2025-05-17 15:00:07.094657,0.56
P0071,2025-06-01 15:00:07.094669,0.78
P0071,2025-06-27 15:00:07.094681,0.22
P0071,2025-06-29 15:00:07.094693,0.42
P0071,2025-06-17 15:00:07.094708,0.46
P0071,2025-05-22 15:00:07.094728,0.55
P0071,2025-06-29 15:00:07.094752,0.57
P0071,2025-05-18 15:00:07.094764,0.63
P0071,2025-05-20 15:00:07.094776,0.73
P0071,2025-07-01 15:00:07.094788,0.45
P0071,2025-05-17 15:00:07.094800,0.4
P0071,2025-06-09 15:00:07.094813,0.98
P0071,2025-06-10 15:00:07.094833,0.28
P0071,2025-07-09 15:00:07.094858,0.65
P0071,2025-05-28 15:00:07.094870,0.45
P0071,2025-07-04 15:00:07.094882,0.61
P0071,2025-06-17 15:00:07.094893,0.95
P0071,2025-07-07 15:00:07.094905,0.16
P0071,2025-05-19 15:00:07.094917,0.14
P0071,2025-06-10 15:00:07.094929,0.94
P0072,2025-06-03 15:00:07.094941,0.15
P0072,2025-05-27 15:00:07.094953,0.14
P0072,2025-06-13 15:00:07.094971,0.59
P0072,2025-07-03 15:00:07.094991,0.7
P0072,2025-05-21 15:00:07.095014,0.68
P0072,2025-05-27 15:00:07.095027,0.44
P0072,2025-06-12 15:00:07.095038,0.68
P0072,2025-06-13 15:00:07.095050,0.86
P0072,2025-06-15 15:00:07.095063,0.71
P0072,2025-05-12 15:00:07.095075,0.67
P0072,2025-06-06 15:00:07.095087,0.95
P0072,2025-06-26 15:00:07.095118,0.5
P0072,2025-05-29 15:00:07.095140,0.88
P0072,2025-05-12 15:00:07.095167,0.86
P0072,2025-05-21 15:00:07.095180,0.74
P0072,2025-07-06 15:00:07.095191,0.39
P0072,2025-06-18 15:00:07.095203,0.83
P0072,2025-05-28 15:00:07.095214,0.83
P0072,2025-05-24 15:00:07.095228,0.35
P0072,2025-07-03 15:00:07.095244,0.4
P0072,2025-06-01 15:00:07.095256,0.17
P0072,2025-06-19 15:00:07.095268,0.42
P0072,2025-06-27 15:00:07.095280,0.19
P0072,2025-06-28 15:00:07.095292,0.64
P0072,2025-05-22 15:00:07.095303,0.74
P0072,2025-07-07 15:00:07.095315,0.45
P0072,2025-06-09 15:00:07.095327,0.78
P0072,2025-07-03 15:00:07.095339,0.86
P0072,2025-06-01 15:00:07.095350,0.51
P0072,2025-07-03 15:00:07.095496,0.98
P0073,2025-06-12 15:00:07.095516,0.6
P0073,2025-06-09 15:00:07.095528,0.21
P0073,2025-06-26 15:00:07.095540,0.53
P0073,2025-06-29 15:00:07.095552,1.0
P0073,2025-07-04 15:00:07.095572,0.97
P0073,2025-06-19 15:00:07.095584,0.78
P0073,2025-05-16 15:00:07.095600,0.51
P0073,2025-06-11 15:00:07.095620,0.66
P0073,2025-06-16 15:00:07.095656,0.8
P0073,2025-06-06 15:00:07.095668,0.34
P0073,2025-07-04 15:00:07.095680,0.63
P0073,2025-06-23 15:00:07.095691,0.26
P0073,2025-06-03 15:00:07.095703,0.71
P0073,2025-07-09 15:00:07.095715,0.17
P0073,2025-05-19 15:00:07.095726,0.22
P0073,2025-07-09 15:00:07.095740,0.82
P0073,2025-05-31 15:00:07.095751,0.82
P0073,2025-06-12 15:00:07.095763,0.35
P0073,2025-05-15 15:00:07.095779,1.0
P0073,2025-05-18 15:00:07.095799,0.85
P0073,2025-07-01 15:00:07.095817,0.63
P0073,2025-06-04 15:00:07.095847,0.84
P0073,2025-06-28 15:00:07.095860,0.83
P0073,2025-06-05 15:00:07.095871,0.68
P0073,2025-06-03 15:00:07.095883,0.7
P0073,2025-06-10 15:00:07.095901,0.89
P0073,2025-06-30 15:00:07.095932,0.54
P0073,2025-05-27 15:00:07.095945,0.17
P0073,2025-05-13 15:00:07.095957,0.31
P0073,2025-07-01 15:00:07.095969,0.5
P0074,2025-05-24 15:00:07.095982,0.88
P0074,2025-07-07 15:00:07.095994,0.65
P0074,2025-07-11 15:00:07.096006,0.17
P0074,2025-06-25 15:00:07.096018,0.25
P0074,2025-07-08 15:00:07.096030,0.61
P0074,2025-05-14 15:00:07.096041,0.6
P0074,2025-05-17 15:00:07.096063,0.72
P0074,2025-05-20 15:00:07.096085,0.57
P0074,2025-05-15 15:00:07.096097,0.3
P0074,2025-06-14 15:00:07.096109,0.98
P0074,2025-06-28 15:00:07.096121,0.35
P0074,2025-06-09 15:00:07.096133,0.5
P0074,2025-05-21 15:00:07.096148,0.81
P0074,2025-06-10 15:00:07.096176,0.39
P0074,2025-07-10 15:00:07.096190,0.58
P0074,2025-05-24 15:00:07.096210,0.53
P0074,2025-05-26 15:00:07.096231,0.86
P0074,2025-05-12 15:00:07.096244,0.41
P0074,2025-05-20 15:00:07.096256,0.77
P0074,2025-05-30 15:00:07.096267,0.12
P0074,2025-06-18 15:00:07.096279,0.41
P0074,2025-07-08 15:00:07.096291,0.16
P0074,2025-06-29 15:00:07.096305,0.78
P0074,2025-06-16 15:00:07.096317,0.56
P0074,2025-06-28 15:00:07.096329,0.46
P0074,2025-07-10 15:00:07.096340,0.93
P0074,2025-07-07 15:00:07.096352,0.63
P0074,2025-05-26 15:00:07.096364,0.13
P0074,2025-06-18 15:00:07.096375,0.72
P0074,2025-06-08 15:00:07.096387,0.3
P0075,2025-06-15 15:00:07.096399,0.38
P0075,2025-06-12 15:00:07.096411,0.8
P0075,2025-05-19 15:00:07.096423,0.86
P0075,2025-06-22 15:00:07.096434,0.8
P0075,2025-05-18 15:00:07.096448,0.64
P0075,2025-06-08 15:00:07.096460,0.42
P0075,2025-06-29 15:00:07.096472,0.64
P0075,2025-06-19 15:00:07.096483,0.1
P0075,2025-06-26 15:00:07.096499,0.61
P0075,2025-06-05 15:00:07.096512,0.2
P0075,2025-06-14 15:00:07.096530,0.33
P0075,2025-06-01 15:00:07.096556,0.93
P0075,2025-06-28 15:00:07.096568,0.45
P0075,2025-05-31 15:00:07.096580,0.33
P0075,2025-06-13 15:00:07.096593,0.28
P0075,2025-06-20 15:00:07.096605,0.52
P0075,2025-06-09 15:00:07.096617,0.7
P0075,2025-06-01 15:00:07.096628,0.88
P0075,2025-05-22 15:00:07.096641,0.79
P0075,2025-06-01 15:00:07.096653,0.86
P0075,2025-05-14 15:00:07.096664,0.56
P0075,2025-06-06 15:00:07.096682,0.66
P0075,2025-06-28 15:00:07.096707,0.6
P0075,2025-05-27 15:00:07.096721,0.84
P0075,2025-07-06 15:00:07.096735,0.77
P0075,2025-05-14 15:00:07.096747,0.12
P0075,2025-06-02 15:00:07.096759,0.23
P0075,2025-06-11 15:00:07.096771,0.72
P0075,2025-06-03 15:00:07.096782,0.44
P0075,2025-06-28 15:00:07.096794,0.66
P0076,2025-05-26 15:00:07.096807,0.45
P0076,2025-07-06 15:00:07.096818,0.28
P0076,2025-07-06 15:00:07.096830,0.39
P0076,2025-06-28 15:00:07.096842,0.72
P0076,2025-05-31 15:00:07.096859,0.29
P0076,2025-06-10 15:00:07.096886,0.17
P0076,2025-05-14 15:00:07.096898,0.38
P0076,2025-06-08 15:00:07.096910,0.16
P0076,2025-06-03 15:00:07.096928,0.1
P0076,2025-06-14 15:00:07.096946,0.34
P0076,2025-05-31 15:00:07.096963,0.86
P0076,2025-06-06 15:00:07.096984,0.38
P0076,2025-07-08 15:00:07.097013,0.76
P0076,2025-05-14 15:00:07.097026,0.55
P0076,2025-06-11 15:00:07.097038,0.57
P0076,2025-07-02 15:00:07.097049,0.62
P0076,2025-05-20 15:00:07.097066,0.74
P0076,2025-07-11 15:00:07.097081,0.31
P0076,2025-07-08 15:00:07.097093,0.19
P0076,2025-07-07 15:00:07.097105,0.66
P0076,2025-06-12 15:00:07.097117,0.19
P0076,2025-05-19 15:00:07.097131,0.95
P0076,2025-06-21 15:00:07.097152,0.46
P0076,2025-05-31 15:00:07.097175,0.75
P0076,2025-06-16 15:00:07.097187,0.7
P0076,2025-06-04 15:00:07.097198,0.97
P0076,2025-06-28 15:00:07.097212,0.79
P0076,2025-05-22 15:00:07.097228,0.98
P0076,2025-06-04 15:00:07.097240,0.59
P0076,2025-07-04 15:00:07.097252,0.8
P0077,2025-06-03 15:00:07.097265,0.29
P0077,2025-07-11 15:00:07.097281,0.72
P0077,2025-05-29 15:00:07.097301,0.33
P0077,2025-07-04 15:00:07.097323,0.67
P0077,2025-05-26 15:00:07.097340,0.2
P0077,2025-05-24 15:00:07.097359,0.29
P0077,2025-06-08 15:00:07.097371,0.61
P0077,2025-05-19 15:00:07.097383,0.36
P0077,2025-06-03 15:00:07.097396,0.38
P0077,2025-06-29 15:00:07.097408,0.58
P0077,2025-06-02 15:00:07.097420,0.41
P0077,2025-07-04 15:00:07.097432,0.76
P0077,2025-06-12 15:00:07.097448,0.15
P0077,2025-05-14 15:00:07.097460,0.61
P0077,2025-05-17 15:00:07.097471,0.39
P0077,2025-06-20 15:00:07.097483,0.89
P0077,2025-05-30 15:00:07.097495,0.32
P0077,2025-05-13 15:00:07.097507,0.35
P0077,2025-06-03 15:00:07.097518,0.14
P0077,2025-07-10 15:00:07.097530,0.41
P0077,2025-05-31 15:00:07.097542,0.76
P0077,2025-05-13 15:00:07.097553,0.82
P0077,2025-06-02 15:00:07.097565,0.72
P0077,2025-06-22 15:00:07.097576,0.65
P0077,2025-07-06 15:00:07.097589,0.81
P0077,2025-07-08 15:00:07.097613,0.12
P0077,2025-07-08 15:00:07.097627,0.95
P0077,2025-06-01 15:00:07.097639,0.12
P0077,2025-05-25 15:00:07.097652,0.69
P0077,2025-06-04 15:00:07.097663,0.29
P0078,2025-05-17 15:00:07.097676,0.89
P0078,2025-06-06 15:00:07.097687,0.94
P0078,2025-06-05 15:00:07.097699,0.22
P0078,2025-05-20 15:00:07.097711,0.84
P0078,2025-06-14 15:00:07.097723,0.88
P0078,2025-06-03 15:00:07.097734,0.45
P0078,2025-07-02 15:00:07.097748,0.27
P0078,2025-05-14 15:00:07.097768,0.33
P0078,2025-06-24 15:00:07.097788,0.2
P0078,2025-06-01 15:00:07.097800,0.36
P0078,2025-06-08 15:00:07.097812,0.33
P0078,2025-06-20 15:00:07.097824,0.46
P0078,2025-06-16 15:00:07.097835,0.9
P0078,2025-05-24 15:00:07.097847,0.36
P0078,2025-05-18 15:00:07.097865,0.83
P0078,2025-07-07 15:00:07.097878,0.72
P0078,2025-05-31 15:00:07.097889,0.69
P0078,2025-07-02 15:00:07.097901,0.83
P0078,2025-06-13 15:00:07.097913,0.83
P0078,2025-06-01 15:00:07.097933,0.62
P0078,2025-07-04 15:00:07.097958,0.17
P0078,2025-06-20 15:00:07.097974,0.77
P0078,2025-06-05 15:00:07.097994,0.61
P0078,2025-05-28 15:00:07.098009,0.57
P0078,2025-06-11 15:00:07.098035,0.87
P0078,2025-06-11 15:00:07.098054,0.48
P0078,2025-05-19 15:00:07.098083,0.86
P0078,2025-06-02 15:00:07.098095,0.97
P0078,2025-06-24 15:00:07.098110,0.55
P0078,2025-06-18 15:00:07.098122,0.89
P0079,2025-05-25 15:00:07.098135,0.36
P0079,2025-05-28 15:00:07.098147,0.43
P0079,2025-06-16 15:00:07.098159,0.55
P0079,2025-05-19 15:00:07.098171,0.14
P0079,2025-06-05 15:00:07.098183,0.91
P0079,2025-05-12 15:00:07.098194,0.89
P0079,2025-06-22 15:00:07.098211,0.46
P0079,2025-07-02 15:00:07.098231,0.81
P0079,2025-07-05 15:00:07.098249,0.2
P0079,2025-06-10 15:00:07.098261,0.41
P0079,2025-05-19 15:00:07.098273,0.52
P0079,2025-06-22 15:00:07.098289,0.41
P0079,2025-06-10 15:00:07.098303,0.75
P0079,2025-07-02 15:00:07.098315,0.97
P0079,2025-07-04 15:00:07.098329,0.98
P0079,2025-07-02 15:00:07.098349,0.94
P0079,2025-06-12 15:00:07.098374,0.33
P0079,2025-05-19 15:00:07.098392,0.11
P0079,2025-07-02 15:00:07.098404,0.63
P0079,2025-06-26 15:00:07.098424,0.61
P0079,2025-07-05 15:00:07.098439,0.9
P0079,2025-05-18 15:00:07.098451,0.59
P0079,2025-06-29 15:00:07.098463,0.74
P0079,2025-06-24 15:00:07.098475,0.7
P0079,2025-05-20 15:00:07.098486,0.26
P0079,2025-06-02 15:00:07.098498,0.48
P0079,2025-06-06 15:00:07.098510,0.88
P0079,2025-06-14 15:00:07.098521,0.98
P0079,2025-05-22 15:00:07.098533,0.59
P0079,2025-07-01 15:00:07.098545,0.78
P0080,2025-06-25 15:00:07.098557,0.41
P0080,2025-07-10 15:00:07.098579,0.98
P0080,2025-05-29 15:00:07.098593,0.52
P0080,2025-07-07 15:00:07.098606,0.75
P0080,2025-06-16 15:00:07.098618,0.52
P0080,2025-07-04 15:00:07.098629,0.87
P0080,2025-06-08 15:00:07.098641,0.13
P0080,2025-05-27 15:00:07.098653,0.11
P0080,2025-06-18 15:00:07.098668,0.75
P0080,2025-05-15 15:00:07.098690,0.13
P0080,2025-05-31 15:00:07.098704,0.98
P0080,2025-06-16 15:00:07.098718,0.22
P0080,2025-05-16 15:00:07.098738,0.58
P0080,2025-05-17 15:00:07.098751,0.54
P0080,2025-06-08 15:00:07.098763,0.58
P0080,2025-07-08 15:00:07.099159,0.25
P0080,2025-05-15 15:00:07.099196,0.54
P0080,2025-06-05 15:00:07.099211,0.69
P0080,2025-07-05 15:00:07.099236,0.32
P0080,2025-06-18 15:00:07.099260,0.3
P0080,2025-06-01 15:00:07.099272,0.86
P0080,2025-06-23 15:00:07.099286,0.79
P0080,2025-06-29 15:00:07.099298,0.25
P0080,2025-06-29 15:00:07.099318,0.18
P0080,2025-06-19 15:00:07.099330,0.18
P0080,2025-05-30 15:00:07.099343,0.19
P0080,2025-06-21 15:00:07.099477,0.7
P0080,2025-05-28 15:00:07.099503,0.83
P0080,2025-06-12 15:00:07.099529,0.29
P0080,2025-06-04 15:00:07.099541,0.14
P0081,2025-06-25 15:00:07.099555,0.91
P0081,2025-06-20 15:00:07.099567,0.84
P0081,2025-05-28 15:00:07.099578,0.79
P0081,2025-05-14 15:00:07.099590,0.47
P0081,2025-07-01 15:00:07.099607,0.54
P0081,2025-05-19 15:00:07.099638,0.28
P0081,2025-06-23 15:00:07.099670,0.14
P0081,2025-05-29 15:00:07.099682,0.29
P0081,2025-05-19 15:00:07.099694,0.23
P0081,2025-05-30 15:00:07.099706,0.28
P0081,2025-06-25 15:00:07.099718,0.52
P0081,2025-06-14 15:00:07.099730,0.35
P0081,2025-06-17 15:00:07.099742,0.29
P0081,2025-05-31 15:00:07.099754,0.52
P0081,2025-06-02 15:00:07.099771,0.72
P0081,2025-06-26 15:00:07.099791,0.58
P0081,2025-05-18 15:00:07.099808,0.47
P0081,2025-05-27 15:00:07.099827,0.86
P0081,2025-07-09 15:00:07.099847,0.45
P0081,2025-05-12 15:00:07.099869,0.76
P0081,2025-06-11 15:00:07.099889,0.76
P0081,2025-06-20 15:00:07.099902,0.62
P0081,2025-05-17 15:00:07.099916,0.25
P0081,2025-07-01 15:00:07.099929,0.81
P0081,2025-06-24 15:00:07.099947,0.75
P0081,2025-06-29 15:00:07.099978,0.49
P0081,2025-07-02 15:00:07.100027,0.93
P0081,2025-06-24 15:00:07.100042,0.19
P0081,2025-06-29 15:00:07.100055,0.64
P0081,2025-07-11 15:00:07.100068,0.9
P0082,2025-05-21 15:00:07.100082,0.54
P0082,2025-06-27 15:00:07.100096,0.3
P0082,2025-06-15 15:00:07.100109,0.77
P0082,2025-07-09 15:00:07.100121,0.64
P0082,2025-06-12 15:00:07.100145,0.63
P0082,2025-06-05 15:00:07.100159,0.6
P0082,2025-06-05 15:00:07.100173,0.53
P0082,2025-07-11 15:00:07.100197,1.0
P0082,2025-06-11 15:00:07.100221,0.89
P0082,2025-07-04 15:00:07.100235,0.3
P0082,2025-07-11 15:00:07.100248,0.84
P0082,2025-05-25 15:00:07.100261,0.97
P0082,2025-06-15 15:00:07.100274,0.94
P0082,2025-07-05 15:00:07.100287,0.38
P0082,2025-06-02 15:00:07.100298,0.13
P0082,2025-05-18 15:00:07.100311,0.56
P0082,2025-05-20 15:00:07.100322,0.66
P0082,2025-06-06 15:00:07.100334,0.51
P0082,2025-07-10 15:00:07.100346,0.11
P0082,2025-06-07 15:00:07.100358,0.71
P0082,2025-06-05 15:00:07.100370,0.11
P0082,2025-06-19 15:00:07.100382,0.63
P0082,2025-05-24 15:00:07.100397,0.15
P0082,2025-05-23 15:00:07.100410,0.74
P0082,2025-06-18 15:00:07.100428,0.69
P0082,2025-06-17 15:00:07.100446,0.61
P0082,2025-05-22 15:00:07.100473,0.28
P0082,2025-05-13 15:00:07.100487,0.9
P0082,2025-06-01 15:00:07.100498,0.48
P0082,2025-06-25 15:00:07.100510,0.75
P0083,2025-06-01 15:00:07.100523,0.98
P0083,2025-06-28 15:00:07.100535,0.26
P0083,2025-06-03 15:00:07.100551,0.54
P0083,2025-06-08 15:00:07.100573,0.83
P0083,2025-06-03 15:00:07.100591,0.89
P0083,2025-05-31 15:00:07.100610,0.46
P0083,2025-06-12 15:00:07.100622,0.86
P0083,2025-06-09 15:00:07.100634,0.46
P0083,2025-06-11 15:00:07.100648,0.93
P0083,2025-06-16 15:00:07.100660,0.34
P0083,2025-06-14 15:00:07.100672,0.95
P0083,2025-05-20 15:00:07.100683,0.44
P0083,2025-06-04 15:00:07.100697,0.27
P0083,2025-07-02 15:00:07.100717,0.92
P0083,2025-07-01 15:00:07.100740,0.63
P0083,2025-06-09 15:00:07.100753,0.57
P0083,2025-05-19 15:00:07.100765,0.83
P0083,2025-05-20 15:00:07.100779,0.56
P0083,2025-06-24 15:00:07.100791,0.24
P0083,2025-06-12 15:00:07.100802,0.26
P0083,2025-06-07 15:00:07.100814,0.79
P0083,2025-06-12 15:00:07.100826,0.54
P0083,2025-06-23 15:00:07.100837,0.34
P0083,2025-06-12 15:00:07.100856,0.17
P0083,2025-07-10 15:00:07.100884,0.52
P0083,2025-05-23 15:00:07.100897,0.5
P0083,2025-06-24 15:00:07.100914,0.84
P0083,2025-06-22 15:00:07.100934,0.75
P0083,2025-05-28 15:00:07.100950,0.66
P0083,2025-06-28 15:00:07.100962,0.98
P0084,2025-06-17 15:00:07.100974,0.4
P0084,2025-06-17 15:00:07.100986,0.42
P0084,2025-07-10 15:00:07.100998,0.46
P0084,2025-06-27 15:00:07.101009,0.31
P0084,2025-06-01 15:00:07.101027,0.99
P0084,2025-07-11 15:00:07.101045,0.63
P0084,2025-05-27 15:00:07.101057,0.46
P0084,2025-06-17 15:00:07.101069,0.5
P0084,2025-07-02 15:00:07.101080,0.52
P0084,2025-06-11 15:00:07.101092,0.38
P0084,2025-05-24 15:00:07.101106,0.83
P0084,2025-06-05 15:00:07.101118,0.58
P0084,2025-05-19 15:00:07.101130,0.11
P0084,2025-06-05 15:00:07.101141,0.46
P0084,2025-06-30 15:00:07.101153,0.52
P0084,2025-07-10 15:00:07.101165,0.3
P0084,2025-06-25 15:00:07.101177,0.93
P0084,2025-05-22 15:00:07.101189,0.54
P0084,2025-07-06 15:00:07.101200,0.16
P0084,2025-06-09 15:00:07.101212,0.18
P0084,2025-05-21 15:00:07.101224,0.39
P0084,2025-07-04 15:00:07.101236,0.69
P0084,2025-06-04 15:00:07.101248,0.63
P0084,2025-06-11 15:00:07.101264,0.16
P0084,2025-05-27 15:00:07.101283,0.11
P0084,2025-05-15 15:00:07.101298,0.81
P0084,2025-07-07 15:00:07.101315,0.28
P0084,2025-05-14 15:00:07.101327,0.33
P0084,2025-05-18 15:00:07.101339,0.1
P0084,2025-06-07 15:00:07.101351,0.81
P0085,2025-06-22 15:00:07.101367,0.27
P0085,2025-06-22 15:00:07.101378,0.3
P0085,2025-06-01 15:00:07.101394,0.84
P0085,2025-06-16 15:00:07.101406,0.23
P0085,2025-06-29 15:00:07.101418,0.75
P0085,2025-05-23 15:00:07.101429,0.55
P0085,2025-05-23 15:00:07.101441,0.29
P0085,2025-06-23 15:00:07.101453,0.78
P0085,2025-05-19 15:00:07.101464,0.61
P0085,2025-06-15 15:00:07.101476,0.41
P0085,2025-06-27 15:00:07.101492,0.36
P0085,2025-05-30 15:00:07.101515,0.51
P0085,2025-06-04 15:00:07.101529,0.62
P0085,2025-05-21 15:00:07.101545,0.97
P0085,2025-06-13 15:00:07.101558,0.77
P0085,2025-06-04 15:00:07.101570,0.31
P0085,2025-05-21 15:00:07.101582,0.44
P0085,2025-06-10 15:00:07.101593,0.9
P0085,2025-06-15 15:00:07.101606,0.6
P0085,2025-06-27 15:00:07.101619,0.26
P0085,2025-06-15 15:00:07.101639,0.97
P0085,2025-06-17 15:00:07.101656,0.1
P0085,2025-05-30 15:00:07.101675,0.34
P0085,2025-06-25 15:00:07.101692,0.63
P0085,2025-06-02 15:00:07.101704,0.83
P0085,2025-05-12 15:00:07.101716,0.12
P0085,2025-06-07 15:00:07.101728,0.91
P0085,2025-05-19 15:00:07.101740,0.58
P0085,2025-07-11 15:00:07.101756,0.2
P0085,2025-05-28 15:00:07.101768,0.3
P0086,2025-07-03 15:00:07.101785,0.99
P0086,2025-07-05 15:00:07.101806,0.79
P0086,2025-06-01 15:00:07.101822,0.82
P0086,2025-05-18 15:00:07.101834,0.85
P0086,2025-06-15 15:00:07.101846,0.69
P0086,2025-06-11 15:00:07.101857,0.83
P0086,2025-06-16 15:00:07.101869,0.24
P0086,2025-05-15 15:00:07.101881,0.56
P0086,2025-06-30 15:00:07.101892,0.54
P0086,2025-06-18 15:00:07.101904,0.93
P0086,2025-07-07 15:00:07.101917,0.79
P0086,2025-06-24 15:00:07.101967,0.21
P0086,2025-06-20 15:00:07.101993,0.18
P0086,2025-05-30 15:00:07.102015,0.38
P0086,2025-06-13 15:00:07.102042,0.69
P0086,2025-06-15 15:00:07.102054,0.4
P0086,2025-06-11 15:00:07.102066,0.19
P0086,2025-06-15 15:00:07.102078,0.77
P0086,2025-06-07 15:00:07.102095,0.78
P0086,2025-06-22 15:00:07.102116,0.68
P0086,2025-05-25 15:00:07.102128,0.92
P0086,2025-06-21 15:00:07.102140,0.51
P0086,2025-05-14 15:00:07.102151,0.87
P0086,2025-05-19 15:00:07.102163,0.1
P0086,2025-05-25 15:00:07.102175,0.67
P0086,2025-07-06 15:00:07.102186,0.71
P0086,2025-06-23 15:00:07.102198,0.49
P0086,2025-05-25 15:00:07.102210,0.95
P0086,2025-06-26 15:00:07.102221,0.13
P0086,2025-05-24 15:00:07.102233,0.29
P0087,2025-06-25 15:00:07.102246,0.77
P0087,2025-06-01 15:00:07.102258,0.71
P0087,2025-07-05 15:00:07.102270,0.48
P0087,2025-06-15 15:00:07.102282,0.41
P0087,2025-06-22 15:00:07.102298,0.6
P0087,2025-07-08 15:00:07.102311,0.55
P0087,2025-06-22 15:00:07.102323,0.66
P0087,2025-05-21 15:00:07.102338,0.89
P0087,2025-06-19 15:00:07.102361,0.52
P0087,2025-06-14 15:00:07.102373,0.69
P0087,2025-06-03 15:00:07.102385,0.9
P0087,2025-05-31 15:00:07.102397,0.87
P0087,2025-06-08 15:00:07.102408,0.15
P0087,2025-05-20 15:00:07.102421,0.47
P0087,2025-07-04 15:00:07.102432,0.62
P0087,2025-06-15 15:00:07.102445,0.96
P0087,2025-07-02 15:00:07.102466,0.47
P0087,2025-06-01 15:00:07.102489,0.15
P0087,2025-06-08 15:00:07.102501,0.77
P0087,2025-06-18 15:00:07.102513,0.76
P0087,2025-06-07 15:00:07.102525,0.73
P0087,2025-06-05 15:00:07.102536,0.72
P0087,2025-05-19 15:00:07.102548,0.28
P0087,2025-06-19 15:00:07.102566,0.25
P0087,2025-05-30 15:00:07.102587,0.6
P0087,2025-07-11 15:00:07.102601,0.96
P0087,2025-05-15 15:00:07.102613,0.86
P0087,2025-07-10 15:00:07.102629,0.79
P0087,2025-06-21 15:00:07.102641,0.88
P0087,2025-06-20 15:00:07.102653,0.51
P0088,2025-07-05 15:00:07.102665,0.41
P0088,2025-07-11 15:00:07.102677,0.85
P0088,2025-06-26 15:00:07.102688,0.39
P0088,2025-07-06 15:00:07.102700,0.54
P0088,2025-06-18 15:00:07.102717,0.29
P0088,2025-06-14 15:00:07.102738,0.47
P0088,2025-06-17 15:00:07.102757,0.31
P0088,2025-05-28 15:00:07.102777,0.43
P0088,2025-05-18 15:00:07.102796,0.15
P0088,2025-06-15 15:00:07.102808,0.31
P0088,2025-06-27 15:00:07.102820,0.96
P0088,2025-06-11 15:00:07.102833,0.14
P0088,2025-06-10 15:00:07.102844,0.79
P0088,2025-07-10 15:00:07.102859,0.49
P0088,2025-07-01 15:00:07.102880,0.63
P0088,2025-05-26 15:00:07.102899,0.38
P0088,2025-06-20 15:00:07.102919,0.64
P0088,2025-06-24 15:00:07.102938,0.82
P0088,2025-06-22 15:00:07.102952,0.59
P0088,2025-05-21 15:00:07.102964,0.59
P0088,2025-06-24 15:00:07.102976,0.86
P0088,2025-06-10 15:00:07.102988,0.2
P0088,2025-07-02 15:00:07.103008,0.42
P0088,2025-05-30 15:00:07.103036,0.65
P0088,2025-07-08 15:00:07.103058,0.72
P0088,2025-06-18 15:00:07.103079,0.2
P0088,2025-07-10 15:00:07.103100,0.8
P0088,2025-06-09 15:00:07.103112,0.63
P0088,2025-06-16 15:00:07.103126,0.85
P0088,2025-06-13 15:00:07.103138,0.7
P0089,2025-06-07 15:00:07.103151,0.7
P0089,2025-06-26 15:00:07.103168,0.73
P0089,2025-06-26 15:00:07.103196,0.79
P0089,2025-07-08 15:00:07.103208,0.22
P0089,2025-06-14 15:00:07.103220,0.5
P0089,2025-07-08 15:00:07.103231,0.63
P0089,2025-06-26 15:00:07.103243,0.18
P0089,2025-05-25 15:00:07.103255,0.77
P0089,2025-05-26 15:00:07.103266,0.22
P0089,2025-05-14 15:00:07.103279,0.42
P0089,2025-06-09 15:00:07.103290,0.37
P0089,2025-05-25 15:00:07.103302,0.23
P0089,2025-05-21 15:00:07.103314,0.38
P0089,2025-05-26 15:00:07.103325,0.67
P0089,2025-07-07 15:00:07.103338,0.82
P0089,2025-07-04 15:00:07.103349,0.92
P0089,2025-05-15 15:00:07.103380,0.84
P0089,2025-05-19 15:00:07.103398,0.86
P0089,2025-05-31 15:00:07.103416,0.5
P0089,2025-06-18 15:00:07.103435,0.65
P0089,2025-07-09 15:00:07.103454,0.9
P0089,2025-06-19 15:00:07.103475,0.46
P0089,2025-06-22 15:00:07.103487,0.72
P0089,2025-07-09 15:00:07.103503,0.6
P0089,2025-05-30 15:00:07.103526,0.88
P0089,2025-05-30 15:00:07.103545,0.95
P0089,2025-06-26 15:00:07.103565,0.24
P0089,2025-06-07 15:00:07.103583,0.54
P0089,2025-05-15 15:00:07.103595,0.85
P0089,2025-07-08 15:00:07.103608,0.96
P0090,2025-06-12 15:00:07.103621,0.76
P0090,2025-06-22 15:00:07.103633,0.38
P0090,2025-05-31 15:00:07.103650,0.24
P0090,2025-06-01 15:00:07.103671,0.66
P0090,2025-07-11 15:00:07.103683,0.29
P0090,2025-06-29 15:00:07.103695,0.85
P0090,2025-06-04 15:00:07.103707,0.11
P0090,2025-06-21 15:00:07.103718,0.19
P0090,2025-06-29 15:00:07.103730,0.62
P0090,2025-05-17 15:00:07.103742,0.74
P0090,2025-06-02 15:00:07.103753,0.78
P0090,2025-06-11 15:00:07.103765,0.63
P0090,2025-06-26 15:00:07.103776,0.9
P0090,2025-06-17 15:00:07.103792,0.38
P0090,2025-06-27 15:00:07.103812,0.3
P0090,2025-06-29 15:00:07.103830,0.93
P0090,2025-07-04 15:00:07.103849,0.42
P0090,2025-07-11 15:00:07.103865,0.65
P0090,2025-06-18 15:00:07.103877,0.76
P0090,2025-06-17 15:00:07.103888,0.94
P0090,2025-05-26 15:00:07.103900,0.25
P0090,2025-06-12 15:00:07.103912,0.34
P0090,2025-06-12 15:00:07.103925,0.34
P0090,2025-07-03 15:00:07.103944,0.33
P0090,2025-06-30 15:00:07.103956,0.15
P0090,2025-05-22 15:00:07.103967,0.36
P0090,2025-06-11 15:00:07.103979,0.21
P0090,2025-06-07 15:00:07.103992,0.75
P0090,2025-07-04 15:00:07.104012,0.51
P0090,2025-06-16 15:00:07.104030,0.57
P0091,2025-05-22 15:00:07.104042,0.14
P0091,2025-07-10 15:00:07.104054,0.68
P0091,2025-07-11 15:00:07.104065,0.96
P0091,2025-06-17 15:00:07.104077,0.74
P0091,2025-05-16 15:00:07.104089,0.52
P0091,2025-05-26 15:00:07.104101,0.21
P0091,2025-05-21 15:00:07.104113,0.78
P0091,2025-06-26 15:00:07.104124,0.12
P0091,2025-05-20 15:00:07.104140,0.46
P0091,2025-05-24 15:00:07.104152,0.53
P0091,2025-06-01 15:00:07.104164,0.83
P0091,2025-05-30 15:00:07.104175,0.25
P0091,2025-06-20 15:00:07.104190,0.18
P0091,2025-05-15 15:00:07.104203,0.48
P0091,2025-05-26 15:00:07.104214,0.39
P0091,2025-07-07 15:00:07.104226,0.65
P0091,2025-06-16 15:00:07.104244,0.93
P0091,2025-07-11 15:00:07.104262,0.12
P0091,2025-06-27 15:00:07.104274,0.14
P0091,2025-06-18 15:00:07.104286,0.24
P0091,2025-06-19 15:00:07.104297,0.31
P0091,2025-06-10 15:00:07.104309,0.72
P0091,2025-06-15 15:00:07.104321,0.74
P0091,2025-06-21 15:00:07.104333,0.57
P0091,2025-06-05 15:00:07.104346,0.85
P0091,2025-05-19 15:00:07.104358,0.97
P0091,2025-06-05 15:00:07.104369,0.4
P0091,2025-06-10 15:00:07.104381,0.3
P0091,2025-06-11 15:00:07.104393,0.86
P0091,2025-05-19 15:00:07.104404,0.51
P0092,2025-06-02 15:00:07.104417,0.64
P0092,2025-06-13 15:00:07.104429,0.46
P0092,2025-05-25 15:00:07.104440,0.33
P0092,2025-05-23 15:00:07.104453,0.38
P0092,2025-07-10 15:00:07.104466,0.21
P0092,2025-05-22 15:00:07.104479,0.77
P0092,2025-07-04 15:00:07.104491,1.0
P0092,2025-05-27 15:00:07.104502,0.51
P0092,2025-05-13 15:00:07.104515,0.15
P0092,2025-06-14 15:00:07.104526,0.63
P0092,2025-05-31 15:00:07.104542,0.48
P0092,2025-06-29 15:00:07.104554,0.16
P0092,2025-06-09 15:00:07.104566,0.83
P0092,2025-05-31 15:00:07.104581,0.55
P0092,2025-06-23 15:00:07.104602,0.64
P0092,2025-07-01 15:00:07.104615,0.78
P0092,2025-06-19 15:00:07.104634,0.26
P0092,2025-05-15 15:00:07.104656,0.79
P0092,2025-07-02 15:00:07.104676,0.45
P0092,2025-06-09 15:00:07.104704,0.55
P0092,2025-05-25 15:00:07.104717,0.21
P0092,2025-05-12 15:00:07.104733,0.74
P0092,2025-06-03 15:00:07.104753,0.38
P0092,2025-06-29 15:00:07.104770,0.13
P0092,2025-05-17 15:00:07.104783,0.49
P0092,2025-06-03 15:00:07.104805,0.3
P0092,2025-06-03 15:00:07.104820,0.43
P0092,2025-06-07 15:00:07.104840,0.82
P0092,2025-05-16 15:00:07.104868,0.16
P0092,2025-06-22 15:00:07.104889,0.81
P0093,2025-06-23 15:00:07.104908,0.28
P0093,2025-06-28 15:00:07.104929,0.48
P0093,2025-06-03 15:00:07.104955,0.78
P0093,2025-05-31 15:00:07.104966,0.93
P0093,2025-05-15 15:00:07.104978,0.51
P0093,2025-05-13 15:00:07.104990,0.69
P0093,2025-06-29 15:00:07.105002,0.64
P0093,2025-05-21 15:00:07.105014,0.55
P0093,2025-06-15 15:00:07.105025,0.17
P0093,2025-07-08 15:00:07.105036,0.35
P0093,2025-05-13 15:00:07.105048,0.71
P0093,2025-06-08 15:00:07.105065,0.73
P0093,2025-06-18 15:00:07.105092,0.61
P0093,2025-05-21 15:00:07.105109,0.94
P0093,2025-06-16 15:00:07.105121,0.75
P0093,2025-06-09 15:00:07.105133,0.39
P0093,2025-06-19 15:00:07.105149,0.19
P0093,2025-06-22 15:00:07.105161,0.96
P0093,2025-05-19 15:00:07.105176,0.86
P0093,2025-06-26 15:00:07.105188,0.3
P0093,2025-06-10 15:00:07.105199,0.67
P0093,2025-06-16 15:00:07.105211,0.56
P0093,2025-05-26 15:00:07.105226,0.65
P0093,2025-05-13 15:00:07.105245,0.67
P0093,2025-06-03 15:00:07.105271,0.29
P0093,2025-06-14 15:00:07.105283,0.36
P0093,2025-05-23 15:00:07.105295,0.88
P0093,2025-05-20 15:00:07.105310,0.61
P0093,2025-06-19 15:00:07.105345,0.26
P0093,2025-06-11 15:00:07.105364,0.4
P0094,2025-05-26 15:00:07.105377,0.18
P0094,2025-05-16 15:00:07.105390,0.92
P0094,2025-05-19 15:00:07.105401,0.83
P0094,2025-06-25 15:00:07.105413,0.57
P0094,2025-07-04 15:00:07.105424,0.36
P0094,2025-06-08 15:00:07.105436,0.32
P0094,2025-07-08 15:00:07.105448,0.12
P0094,2025-06-06 15:00:07.105461,0.39
P0094,2025-05-26 15:00:07.105473,0.3
P0094,2025-06-25 15:00:07.105484,0.7
P0094,2025-07-05 15:00:07.105496,0.25
P0094,2025-06-05 15:00:07.105508,0.7
P0094,2025-05-16 15:00:07.105519,0.11
P0094,2025-05-19 15:00:07.105531,0.49
P0094,2025-07-03 15:00:07.105546,0.71
P0094,2025-06-01 15:00:07.105559,0.91
P0094,2025-05-15 15:00:07.105570,0.92
P0094,2025-05-19 15:00:07.105582,0.33
P0094,2025-05-29 15:00:07.105594,0.43
P0094,2025-07-03 15:00:07.105605,0.53
P0094,2025-06-14 15:00:07.105617,0.5
P0094,2025-05-27 15:00:07.105634,0.15
P0094,2025-05-29 15:00:07.105654,0.14
P0094,2025-06-14 15:00:07.105666,0.82
P0094,2025-06-20 15:00:07.105678,0.28
P0094,2025-07-09 15:00:07.105689,0.78
P0094,2025-06-17 15:00:07.105700,0.5
P0094,2025-06-27 15:00:07.105712,0.98
P0094,2025-06-06 15:00:07.105724,0.82
P0094,2025-06-12 15:00:07.105740,0.99
P0095,2025-07-10 15:00:07.105764,0.57
P0095,2025-05-22 15:00:07.105784,0.96
P0095,2025-06-16 15:00:07.105806,0.4
P0095,2025-05-16 15:00:07.105834,0.29
P0095,2025-07-02 15:00:07.105846,0.93
P0095,2025-07-09 15:00:07.105858,0.71
P0095,2025-06-17 15:00:07.105869,0.55
P0095,2025-06-26 15:00:07.105881,0.64
P0095,2025-06-08 15:00:07.105892,0.94
P0095,2025-05-26 15:00:07.105904,0.67
P0095,2025-07-08 15:00:07.105916,0.29
P0095,2025-06-29 15:00:07.105927,0.72
P0095,2025-07-10 15:00:07.105939,0.15
P0095,2025-05-12 15:00:07.105951,0.67
P0095,2025-07-10 15:00:07.105965,0.59
P0095,2025-06-08 15:00:07.105984,0.29
P0095,2025-05-14 15:00:07.106011,0.78
P0095,2025-06-23 15:00:07.106025,0.27
P0095,2025-05-25 15:00:07.106037,0.22
P0095,2025-07-05 15:00:07.106049,0.71
P0095,2025-06-17 15:00:07.106064,0.62
P0095,2025-06-21 15:00:07.106076,0.18
P0095,2025-06-24 15:00:07.106087,0.38
P0095,2025-06-13 15:00:07.106099,0.74
P0095,2025-06-01 15:00:07.106110,0.73
P0095,2025-06-28 15:00:07.106122,0.78
P0095,2025-06-07 15:00:07.106134,0.44
P0095,2025-05-27 15:00:07.106150,0.39
P0095,2025-05-25 15:00:07.106170,0.16
P0095,2025-06-02 15:00:07.106189,0.59
P0096,2025-06-13 15:00:07.106211,0.37
P0096,2025-07-07 15:00:07.106231,0.87
P0096,2025-05-13 15:00:07.106256,0.89
P0096,2025-05-22 15:00:07.106268,0.68
P0096,2025-07-09 15:00:07.106280,0.39
P0096,2025-07-03 15:00:07.106292,0.82
P0096,2025-06-07 15:00:07.106308,0.95
P0096,2025-06-08 15:00:07.106328,0.92
P0096,2025-06-24 15:00:07.106351,0.32
P0096,2025-06-13 15:00:07.106363,0.68
P0096,2025-05-30 15:00:07.106379,0.42
P0096,2025-07-04 15:00:07.106411,0.56
P0096,2025-06-11 15:00:07.106424,0.99
P0096,2025-06-27 15:00:07.106449,0.9
P0096,2025-06-11 15:00:07.106465,0.14
P0096,2025-05-29 15:00:07.106483,0.59
P0096,2025-07-04 15:00:07.106502,0.53
P0096,2025-06-07 15:00:07.106514,0.91
P0096,2025-06-19 15:00:07.106530,0.17
P0096,2025-05-12 15:00:07.106543,0.81
P0096,2025-06-11 15:00:07.106554,0.41
P0096,2025-07-09 15:00:07.106566,0.39
P0096,2025-06-09 15:00:07.106577,0.4
P0096,2025-06-16 15:00:07.106589,0.52
P0096,2025-06-05 15:00:07.106601,0.72
P0096,2025-07-01 15:00:07.106612,0.64
P0096,2025-06-27 15:00:07.106624,0.54
P0096,2025-06-01 15:00:07.106636,0.53
P0096,2025-06-10 15:00:07.106648,0.43
P0096,2025-06-20 15:00:07.106660,0.64
P0097,2025-05-31 15:00:07.106672,0.61
P0097,2025-05-24 15:00:07.106684,0.83
P0097,2025-05-14 15:00:07.106698,0.29
P0097,2025-05-24 15:00:07.106719,0.51
P0097,2025-05-26 15:00:07.106735,0.72
P0097,2025-05-19 15:00:07.106771,0.56
P0097,2025-06-24 15:00:07.106784,0.39
P0097,2025-06-04 15:00:07.106796,0.42
P0097,2025-07-06 15:00:07.106807,0.15
P0097,2025-05-31 15:00:07.106819,0.12
P0097,2025-06-15 15:00:07.106831,0.77
P0097,2025-06-02 15:00:07.106846,0.12
P0097,2025-06-23 15:00:07.106866,0.17
P0097,2025-05-15 15:00:07.106884,0.66
P0097,2025-06-27 15:00:07.106896,0.3
P0097,2025-06-04 15:00:07.106907,0.19
P0097,2025-06-22 15:00:07.106919,0.5
P0097,2025-06-16 15:00:07.106931,0.97
P0097,2025-06-13 15:00:07.106942,0.61
P0097,2025-07-01 15:00:07.106954,0.55
P0097,2025-05-26 15:00:07.106970,0.74
P0097,2025-07-01 15:00:07.106982,0.59
P0097,2025-06-20 15:00:07.106994,0.2
P0097,2025-05-12 15:00:07.107006,0.47
P0097,2025-07-10 15:00:07.107021,0.15
P0097,2025-05-19 15:00:07.107033,0.98
P0097,2025-06-27 15:00:07.107050,0.49
P0097,2025-07-06 15:00:07.107081,0.51
P0097,2025-05-19 15:00:07.107101,0.2
P0097,2025-05-28 15:00:07.107120,0.7
P0098,2025-05-12 15:00:07.107132,0.18
P0098,2025-07-06 15:00:07.107144,0.2
P0098,2025-06-17 15:00:07.107156,0.26
P0098,2025-06-06 15:00:07.107168,0.66
P0098,2025-05-12 15:00:07.107179,0.82
P0098,2025-05-27 15:00:07.107191,0.69
P0098,2025-07-06 15:00:07.107205,0.12
P0098,2025-05-29 15:00:07.107223,0.49
P0098,2025-06-01 15:00:07.107243,0.65
P0098,2025-05-20 15:00:07.107273,0.82
P0098,2025-06-18 15:00:07.107285,0.47
P0098,2025-06-03 15:00:07.107296,0.42
P0098,2025-06-07 15:00:07.107308,0.29
P0098,2025-07-10 15:00:07.107320,0.5
P0098,2025-06-24 15:00:07.107332,0.88
P0098,2025-06-08 15:00:07.107345,0.63
P0098,2025-05-30 15:00:07.107372,0.18
P0098,2025-05-21 15:00:07.107392,0.26
P0098,2025-07-02 15:00:07.107409,0.39
P0098,2025-06-26 15:00:07.107428,0.61
P0098,2025-06-11 15:00:07.107445,0.23
P0098,2025-06-24 15:00:07.107479,0.42
P0098,2025-07-06 15:00:07.107497,0.21
P0098,2025-05-15 15:00:07.107509,0.49
P0098,2025-05-12 15:00:07.107521,0.74
P0098,2025-06-20 15:00:07.107533,0.95
P0098,2025-05-26 15:00:07.107552,0.94
P0098,2025-05-25 15:00:07.107579,0.52
P0098,2025-06-26 15:00:07.107596,0.38
P0098,2025-06-02 15:00:07.107608,0.91
P0099,2025-07-04 15:00:07.107620,0.18
P0099,2025-06-13 15:00:07.107632,0.19
P0099,2025-06-06 15:00:07.107643,0.19
P0099,2025-05-19 15:00:07.107655,0.92
P0099,2025-05-12 15:00:07.107666,0.59
P0099,2025-06-16 15:00:07.107678,0.72
P0099,2025-06-20 15:00:07.107689,0.82
P0099,2025-05-17 15:00:07.107701,0.37
P0099,2025-06-09 15:00:07.107714,0.74
P0099,2025-06-28 15:00:07.107726,0.89
P0099,2025-05-21 15:00:07.107737,0.5
P0099,2025-07-06 15:00:07.107749,0.29
P0099,2025-07-06 15:00:07.107760,0.58
P0099,2025-07-07 15:00:07.107777,0.87
P0099,2025-05-22 15:00:07.107800,0.37
P0099,2025-06-17 15:00:07.107812,0.35
P0099,2025-06-14 15:00:07.107824,0.97
P0099,2025-05-31 15:00:07.107835,0.74
P0099,2025-06-22 15:00:07.107847,0.64
P0099,2025-05-25 15:00:07.107858,0.86
P0099,2025-06-27 15:00:07.107870,0.24
P0099,2025-06-11 15:00:07.107881,0.8
P0099,2025-07-10 15:00:07.107893,0.2
P0099,2025-07-05 15:00:07.107904,0.17
P0099,2025-06-11 15:00:07.107917,0.72
P0099,2025-06-04 15:00:07.107937,0.92
P0099,2025-05-18 15:00:07.107958,0.49
P0099,2025-06-25 15:00:07.107970,0.45
P0099,2025-07-09 15:00:07.107982,0.79
P0099,2025-07-11 15:00:07.107994,0.87
P0100,2025-05-30 15:00:07.108006,0.95
P0100,2025-06-04 15:00:07.108018,0.66
P0100,2025-06-22 15:00:07.108029,0.29
P0100,2025-06-23 15:00:07.108041,0.42
P0100,2025-05-26 15:00:07.108053,0.19
P0100,2025-06-01 15:00:07.108064,0.8
P0100,2025-06-10 15:00:07.108076,0.48
P0100,2025-07-02 15:00:07.108104,0.72
P0100,2025-05-18 15:00:07.108122,0.25
P0100,2025-05-23 15:00:07.108139,0.54
P0100,2025-05-30 15:00:07.108166,0.12
P0100,2025-05-22 15:00:07.108187,0.33
P0100,2025-05-28 15:00:07.108207,0.84
P0100,2025-06-17 15:00:07.108219,0.43
P0100,2025-06-22 15:00:07.108231,0.24
P0100,2025-06-08 15:00:07.108243,0.45
P0100,2025-07-08 15:00:07.108254,0.77
P0100,2025-05-14 15:00:07.108266,0.4
P0100,2025-07-11 15:00:07.108278,0.17
P0100,2025-07-06 15:00:07.108300,0.38
P0100,2025-07-08 15:00:07.108313,0.92
P0100,2025-06-29 15:00:07.108331,0.35
P0100,2025-05-24 15:00:07.108359,0.83
P0100,2025-05-25 15:00:07.108371,0.84
P0100,2025-06-26 15:00:07.108383,0.42
P0100,2025-05-22 15:00:07.108396,0.77
P0100,2025-06-26 15:00:07.108408,0.16
P0100,2025-06-05 15:00:07.108420,0.6
P0100,2025-05-31 15:00:07.108432,0.63
P0100,2025-06-01 15:00:07.108443,0.18
